wavenumber,P88812Cl,P88812NO3,NaNO3
4000,86.56,92.39,105.9
3999,86.57,92.4,105.88
3998,86.58,92.4,105.89
3997,86.56,92.41,105.86
3996,86.57,92.41,105.86
3995,86.59,92.42,105.88
3994,86.59,92.42,105.86
3993,86.56,92.4,105.86
3992,86.58,92.41,105.86
3991,86.61,92.41,105.82
3990,86.59,92.42,105.86
3989,86.56,92.39,105.91
3988,86.54,92.37,105.9
3987,86.54,92.37,105.88
3986,86.54,92.38,105.88
3985,86.56,92.4,105.9
3984,86.57,92.41,105.9
3983,86.57,92.4,105.89
3982,86.56,92.4,105.87
3981,86.54,92.4,105.89
3980,86.56,92.39,105.9
3979,86.54,92.37,105.87
3978,86.55,92.4,105.87
3977,86.56,92.41,105.85
3976,86.59,92.41,105.84
3975,86.59,92.4,105.88
3974,86.56,92.39,105.87
3973,86.56,92.4,105.88
3972,86.56,92.4,105.89
3971,86.55,92.39,105.86
3970,86.54,92.38,105.84
3969,86.57,92.36,105.85
3968,86.54,92.35,105.91
3967,86.52,92.38,105.91
3966,86.54,92.38,105.88
3965,86.52,92.37,105.9
3964,86.54,92.4,105.87
3963,86.58,92.41,105.83
3962,86.65,92.44,105.82
3961,86.58,92.39,105.86
3960,86.54,92.36,105.88
3959,86.58,92.41,105.87
3958,86.56,92.38,105.88
3957,86.54,92.4,105.86
3956,86.52,92.38,105.89
3955,86.55,92.37,105.9
3954,86.54,92.4,105.9
3953,86.56,92.41,105.9
3952,86.59,92.47,105.79
3951,86.63,92.51,105.76
3950,86.73,92.54,105.7
3949,86.72,92.53,105.68
3948,86.69,92.47,105.72
3947,86.65,92.42,105.82
3946,86.56,92.38,105.87
3945,86.6,92.52,105.74
3944,86.75,92.57,105.68
3943,86.83,92.56,105.58
3942,86.7,92.46,105.78
3941,86.52,92.3,105.89
3940,86.55,92.4,105.86
3939,86.55,92.37,105.91
3938,86.52,92.36,105.9
3937,86.51,92.37,105.94
3936,86.54,92.39,105.89
3935,86.59,92.46,105.87
3934,86.76,92.6,105.68
3933,86.81,92.67,105.52
3932,86.79,92.58,105.66
3931,86.72,92.46,105.67
3930,86.62,92.47,105.77
3929,86.57,92.39,105.85
3928,86.51,92.39,105.86
3927,86.63,92.51,105.76
3926,86.72,92.65,105.63
3925,86.8,92.6,105.62
3924,86.7,92.46,105.69
3923,86.55,92.37,105.87
3922,86.62,92.5,105.72
3921,86.67,92.63,105.68
3920,86.72,92.54,105.75
3919,86.75,92.58,105.57
3918,86.8,92.71,105.46
3917,86.87,92.64,105.59
3916,86.65,92.4,105.77
3915,86.51,92.33,105.88
3914,86.51,92.34,105.95
3913,86.49,92.33,105.93
3912,86.48,92.32,105.97
3911,86.48,92.35,105.96
3910,86.49,92.36,105.97
3909,86.49,92.36,105.96
3908,86.6,92.5,105.82
3907,86.67,92.67,105.67
3906,87.1,93.02,105.21
3905,87.19,93.09,105.14
3904,87.1,93.01,105.19
3903,87.17,92.92,105.07
3902,87.02,92.87,105.22
3901,87.21,92.93,105.05
3900,86.91,92.95,105.09
3899,86.96,92.74,105.44
3898,86.62,92.36,105.73
3897,86.5,92.38,105.83
3896,86.53,92.34,105.88
3895,86.56,92.47,105.84
3894,86.66,92.54,105.79
3893,86.98,92.88,105.41
3892,87.02,92.99,105.23
3891,86.84,92.64,105.59
3890,86.55,92.32,105.77
3889,86.46,92.34,105.87
3888,86.72,92.64,105.63
3887,87.04,93.02,105.4
3886,87.21,93.02,105.2
3885,86.87,92.73,105.46
3884,86.6,92.4,105.69
3883,86.7,92.61,105.59
3882,86.96,92.86,105.4
3881,87.06,93.11,105.19
3880,86.84,92.65,105.55
3879,86.54,92.36,105.72
3878,86.44,92.31,105.87
3877,86.55,92.4,105.88
3876,86.78,92.71,105.63
3875,86.85,92.86,105.47
3874,86.79,92.73,105.57
3873,86.67,92.52,105.62
3872,86.92,92.88,105.26
3871,87.5,93.32,104.98
3870,87.38,93.21,105.13
3869,86.79,92.66,105.44
3868,86.53,92.4,105.67
3867,86.84,92.68,105.43
3866,87.05,92.99,105.34
3865,87.02,92.9,105.43
3864,86.75,92.72,105.41
3863,86.78,92.65,105.54
3862,86.81,92.62,105.53
3861,86.53,92.45,105.74
3860,86.47,92.29,105.93
3859,86.63,92.54,105.73
3858,86.7,92.65,105.66
3857,86.82,92.79,105.56
3856,87.49,93.52,104.76
3855,88.2,94.21,104.34
3854,88.32,94.09,104.14
3853,87.69,93.45,104.42
3852,87.22,92.85,105.14
3851,86.8,92.5,105.39
3850,86.5,92.35,105.74
3849,86.56,92.34,105.81
3848,86.42,92.3,105.98
3847,86.5,92.35,105.96
3846,86.56,92.54,105.85
3845,86.78,92.67,105.72
3844,86.76,92.75,105.56
3843,86.73,92.75,105.53
3842,86.81,92.78,105.52
3841,86.93,92.94,105.39
3840,87.06,93.03,105.07
3839,87.42,93.22,105.04
3838,87.44,93.04,105.14
3837,87.01,92.94,105.15
3836,86.79,92.69,105.49
3835,86.76,92.69,105.48
3834,86.58,92.59,105.55
3833,86.81,92.61,105.67
3832,86.72,92.73,105.52
3831,86.47,92.53,105.75
3830,86.48,92.28,105.91
3829,86.55,92.49,105.78
3828,86.68,92.53,105.83
3827,86.63,92.61,105.69
3826,86.54,92.51,105.82
3825,86.54,92.39,105.9
3824,86.65,92.64,105.64
3823,87.14,93.12,105.44
3822,87.4,93.5,105.03
3821,86.97,93.23,105.02
3820,86.59,92.61,105.44
3819,86.61,92.45,105.64
3818,86.98,92.82,105.31
3817,87.31,93.11,105.23
3816,87.19,92.94,105.44
3815,86.6,92.47,105.61
3814,86.42,92.26,105.92
3813,86.51,92.26,105.96
3812,86.41,92.3,106.02
3811,86.44,92.33,106.03
3810,86.46,92.37,106.02
3809,86.8,92.73,105.6
3808,87.06,93.01,105.5
3807,86.95,92.85,105.55
3806,86.54,92.52,105.67
3805,86.47,92.42,105.81
3804,86.77,92.68,105.64
3803,87.28,93.15,105.27
3802,87.54,93.35,104.89
3801,86.98,92.91,105.42
3800,86.57,92.41,105.63
3799,86.55,92.48,105.72
3798,86.87,92.58,105.63
3797,86.69,92.75,105.55
3796,86.49,92.49,105.82
3795,86.45,92.28,105.92
3794,86.41,92.29,105.98
3793,86.46,92.27,106.03
3792,86.44,92.31,106.03
3791,86.44,92.29,106.07
3790,86.43,92.32,106.07
3789,86.46,92.32,106.07
3788,86.48,92.36,106.06
3787,86.52,92.42,105.98
3786,86.59,92.44,105.95
3785,86.57,92.47,105.9
3784,86.48,92.35,105.94
3783,86.45,92.31,105.99
3782,86.51,92.45,105.93
3781,86.77,92.61,105.85
3780,86.68,92.72,105.67
3779,86.47,92.51,105.85
3778,86.44,92.27,105.96
3777,86.44,92.31,105.98
3776,86.41,92.26,106.07
3775,86.41,92.3,106.07
3774,86.44,92.29,106.09
3773,86.48,92.33,106.03
3772,86.62,92.56,105.81
3771,86.87,92.84,105.73
3770,86.76,92.74,105.63
3769,86.52,92.47,105.76
3768,86.52,92.41,105.88
3767,86.82,92.62,105.73
3766,86.67,92.65,105.67
3765,86.53,92.44,105.82
3764,86.47,92.3,105.98
3763,86.46,92.32,105.98
3762,86.55,92.48,105.91
3761,86.83,92.8,105.78
3760,86.73,92.81,105.58
3759,86.68,92.65,105.6
3758,86.73,92.49,105.75
3757,86.65,92.61,105.68
3756,86.54,92.52,105.84
3755,86.63,92.46,105.84
3754,87.22,93.16,105.18
3753,87.65,93.5,104.96
3752,87.51,93.32,105.13
3751,87.63,93.22,104.65
3750,87.53,93.41,104.7
3749,87.18,92.94,105.29
3748,86.7,92.57,105.43
3747,86.93,92.95,105.2
3746,88.06,93.78,104.81
3745,88.34,94.2,104.19
3744,87.26,93.09,105.01
3743,86.71,92.56,105.37
3742,86.67,92.49,105.63
3741,86.67,92.49,105.78
3740,86.72,92.53,105.79
3739,86.71,92.74,105.65
3738,87.1,92.93,105.37
3737,87.59,93.39,104.87
3736,87.66,93.68,104.56
3735,87.31,93.05,105.02
3734,87.19,92.92,105
3733,87,92.85,105.3
3732,86.87,92.75,105.59
3731,86.49,92.37,105.79
3730,86.47,92.34,105.96
3729,86.54,92.37,105.94
3728,86.75,92.57,105.73
3727,86.91,92.74,105.5
3726,86.85,92.66,105.67
3725,86.72,92.47,105.79
3724,86.82,92.64,105.56
3723,86.76,92.65,105.72
3722,86.69,92.55,105.81
3721,86.54,92.41,105.82
3720,86.61,92.47,105.86
3719,86.62,92.42,105.92
3718,86.49,92.34,105.99
3717,86.46,92.33,106.04
3716,86.56,92.42,105.94
3715,86.62,92.47,105.85
3714,87.02,92.87,105.48
3713,87.25,93.22,105.39
3712,87.11,93.07,105.42
3711,86.98,92.74,105.3
3710,86.76,92.76,105.46
3709,86.53,92.47,105.81
3708,86.45,92.26,105.94
3707,86.45,92.26,106.04
3706,86.47,92.27,106.08
3705,86.45,92.27,106.13
3704,86.53,92.45,106
3703,86.76,92.68,105.87
3702,86.7,92.64,105.71
3701,86.5,92.42,105.9
3700,86.42,92.19,106.13
3699,86.44,92.25,106.08
3698,86.43,92.23,106.15
3697,86.49,92.31,106.08
3696,86.43,92.27,106.15
3695,86.44,92.23,106.12
3694,86.46,92.33,106.11
3693,86.76,92.62,105.78
3692,86.87,92.96,105.57
3691,86.77,92.87,105.55
3690,87.31,92.97,105.12
3689,87.38,93.09,105.05
3688,86.91,92.64,105.6
3687,86.37,92.16,105.85
3686,86.35,92.16,105.98
3685,86.34,92.1,106.11
3684,86.29,92.18,106.13
3683,86.22,92.1,106.17
3682,86.24,92.18,106.11
3681,86.36,92.29,106
3680,86.28,92.44,105.86
3679,86.21,92.37,105.89
3678,86.53,92.65,105.52
3677,87.24,93.51,105.11
3676,87.48,93.61,104.98
3675,86.7,92.95,105.02
3674,86.21,92.32,105.6
3673,86.37,92.3,105.66
3672,86.97,92.83,105.39
3671,87.18,93.15,105.09
3670,87.03,92.98,105.23
3669,86.53,92.53,105.5
3668,86.35,92.31,105.78
3667,86.2,92.06,106.12
3666,86.3,92.14,106.1
3665,86.28,92.15,106.22
3664,86.32,92.21,106.19
3663,86.3,92.19,106.18
3662,86.32,92.18,106.17
3661,86.34,92.22,106.18
3660,86.35,92.23,106.16
3659,86.37,92.3,106.11
3658,86.74,92.65,105.75
3657,86.94,92.88,105.55
3656,86.67,92.57,105.86
3655,86.39,92.21,105.98
3654,86.4,92.31,106.06
3653,86.72,92.63,105.78
3652,87.05,93.2,105.4
3651,87.39,93.56,104.81
3650,87.47,93.36,104.83
3649,87.37,93.2,104.99
3648,87.13,93.01,104.95
3647,86.79,92.76,105.41
3646,86.52,92.22,105.85
3645,86.35,92.23,106.05
3644,86.41,92.22,106.13
3643,86.44,92.31,106.06
3642,86.43,92.27,106.14
3641,86.37,92.22,106.22
3640,86.38,92.23,106.18
3639,86.42,92.27,106.17
3638,86.36,92.23,106.21
3637,86.33,92.17,106.18
3636,86.4,92.33,106.11
3635,86.57,92.42,106.06
3634,86.53,92.39,105.99
3633,86.45,92.32,106.07
3632,86.49,92.38,106.03
3631,87.09,92.99,105.44
3630,87.61,93.67,104.68
3629,87.51,93.41,104.9
3628,86.78,92.51,105.61
3627,86.51,92.23,105.8
3626,86.38,92.2,106.06
3625,86.35,92.1,106.22
3624,86.3,92.19,106.26
3623,86.39,92.23,106.18
3622,86.5,92.5,106.02
3621,86.88,92.8,105.69
3620,86.99,92.9,105.38
3619,86.85,92.75,105.53
3618,86.67,92.45,105.69
3617,86.52,92.38,105.87
3616,86.52,92.33,106.03
3615,86.72,92.59,105.75
3614,86.82,92.66,105.68
3613,86.74,92.58,105.62
3612,86.54,92.37,105.91
3611,86.62,92.37,105.81
3610,86.87,92.73,105.55
3609,86.79,92.58,105.74
3608,86.63,92.39,105.81
3607,86.52,92.36,105.94
3606,86.41,92.12,106.12
3605,86.27,92.12,106.25
3604,86.33,92.12,106.28
3603,86.38,92.24,106.19
3602,86.43,92.28,106.14
3601,86.4,92.3,106.11
3600,86.44,92.24,106.1
3599,86.37,92.26,106.18
3598,86.37,92.21,106.19
3597,86.46,92.35,105.98
3596,86.55,92.43,105.97
3595,86.57,92.37,105.99
3594,86.45,92.25,106.04
3593,86.42,92.19,106.15
3592,86.32,92.12,106.24
3591,86.32,92.26,106.19
3590,86.69,92.52,105.92
3589,86.87,92.79,105.55
3588,87,92.84,105.41
3587,86.83,92.61,105.57
3586,86.56,92.31,105.93
3585,86.29,92.05,106.21
3584,86.31,92.12,106.19
3583,86.26,92.11,106.28
3582,86.25,92.09,106.25
3581,86.3,92.16,106.24
3580,86.32,92.12,106.25
3579,86.28,92.1,106.27
3578,86.27,92.12,106.27
3577,86.29,92.14,106.29
3576,86.26,92.1,106.29
3575,86.22,92.1,106.28
3574,86.22,92.07,106.32
3573,86.19,92.07,106.32
3572,86.24,92.11,106.3
3571,86.29,92.14,106.27
3570,86.43,92.4,106.01
3569,86.69,92.67,105.7
3568,87,92.8,105.52
3567,86.88,92.61,105.51
3566,86.66,92.41,105.71
3565,86.45,92.12,106.06
3564,86.25,92.13,106.14
3563,86.25,92.08,106.23
3562,86.26,92.13,106.2
3561,86.29,92.13,106.23
3560,86.26,92.07,106.29
3559,86.21,92.04,106.33
3558,86.16,92.05,106.35
3557,86.16,92.01,106.39
3556,86.14,92.04,106.38
3555,86.19,92.08,106.34
3554,86.29,92.18,106.2
3553,86.32,92.21,106.21
3552,86.26,92.12,106.26
3551,86.17,92.02,106.33
3550,86.16,92.04,106.35
3549,86.23,92.13,106.26
3548,86.33,92.23,106.12
3547,86.46,92.26,106.06
3546,86.43,92.25,106.06
3545,86.33,92.13,106.16
3544,86.26,92.04,106.22
3543,86.12,92.01,106.33
3542,86.09,91.95,106.43
3541,86.08,91.97,106.4
3540,86.09,91.99,106.41
3539,86.07,91.97,106.44
3538,86.11,92.04,106.34
3537,86.2,92.09,106.25
3536,86.18,92.01,106.37
3535,86.07,91.94,106.42
3534,86.06,91.94,106.43
3533,86.05,91.93,106.44
3532,86.09,91.98,106.39
3531,86.11,92.02,106.33
3530,86.11,92.01,106.34
3529,86.21,92.11,106.31
3528,86.19,92.08,106.27
3527,86.14,92.01,106.27
3526,86.15,92.02,106.26
3525,86.16,92.1,106.22
3524,86.23,92.08,106.26
3523,86.19,92.02,106.29
3522,86.06,91.93,106.4
3521,86.02,91.94,106.45
3520,86.01,91.91,106.45
3519,86,91.93,106.45
3518,86.01,91.91,106.46
3517,85.97,91.91,106.47
3516,85.99,91.91,106.47
3515,85.98,91.92,106.46
3514,85.95,91.9,106.48
3513,85.96,91.93,106.48
3512,85.94,91.93,106.47
3511,86.07,92.02,106.38
3510,86.09,92.02,106.29
3509,86,91.91,106.39
3508,85.93,91.87,106.48
3507,85.92,91.89,106.46
3506,85.93,91.91,106.46
3505,85.99,91.99,106.37
3504,86.03,92.02,106.28
3503,86.02,91.97,106.3
3502,85.99,91.93,106.36
3501,85.9,91.87,106.43
3500,85.87,91.84,106.47
3499,85.87,91.88,106.49
3498,85.83,91.86,106.49
3497,85.85,91.88,106.47
3496,85.86,91.87,106.44
3495,85.81,91.82,106.49
3494,85.79,91.81,106.52
3493,85.79,91.82,106.51
3492,85.76,91.82,106.51
3491,85.78,91.81,106.5
3490,85.79,91.85,106.48
3489,85.8,91.86,106.46
3488,85.78,91.82,106.45
3487,85.73,91.77,106.45
3486,85.73,91.78,106.5
3485,85.71,91.76,106.52
3484,85.75,91.84,106.47
3483,85.76,91.86,106.46
3482,85.78,91.86,106.43
3481,85.76,91.8,106.42
3480,85.69,91.77,106.47
3479,85.64,91.73,106.54
3478,85.62,91.75,106.52
3477,85.64,91.74,106.56
3476,85.62,91.75,106.54
3475,85.66,91.76,106.52
3474,85.61,91.73,106.55
3473,85.57,91.7,106.55
3472,85.58,91.71,106.52
3471,85.58,91.72,106.53
3470,85.56,91.71,106.53
3469,85.55,91.72,106.54
3468,85.55,91.73,106.5
3467,85.56,91.71,106.53
3466,85.54,91.7,106.57
3465,85.51,91.69,106.58
3464,85.51,91.68,106.53
3463,85.54,91.7,106.54
3462,85.54,91.69,106.53
3461,85.52,91.66,106.55
3460,85.48,91.65,106.59
3459,85.48,91.65,106.57
3458,85.48,91.66,106.59
3457,85.45,91.65,106.6
3456,85.42,91.63,106.61
3455,85.42,91.65,106.6
3454,85.44,91.65,106.59
3453,85.44,91.62,106.62
3452,85.41,91.62,106.61
3451,85.42,91.61,106.64
3450,85.4,91.61,106.61
3449,85.44,91.7,106.56
3448,85.48,91.72,106.49
3447,85.49,91.67,106.51
3446,85.41,91.58,106.57
3445,85.38,91.59,106.6
3444,85.4,91.59,106.59
3443,85.41,91.61,106.58
3442,85.37,91.58,106.6
3441,85.35,91.56,106.65
3440,85.35,91.55,106.63
3439,85.35,91.56,106.6
3438,85.37,91.57,106.64
3437,85.33,91.53,106.61
3436,85.35,91.54,106.63
3435,85.3,91.51,106.63
3434,85.32,91.55,106.64
3433,85.32,91.53,106.65
3432,85.36,91.56,106.62
3431,85.33,91.52,106.65
3430,85.3,91.5,106.66
3429,85.3,91.51,106.65
3428,85.31,91.52,106.68
3427,85.28,91.49,106.67
3426,85.27,91.48,106.68
3425,85.27,91.5,106.68
3424,85.25,91.48,106.66
3423,85.32,91.52,106.64
3422,85.34,91.52,106.63
3421,85.32,91.52,106.6
3420,85.33,91.52,106.63
3419,85.28,91.48,106.68
3418,85.24,91.46,106.69
3417,85.26,91.48,106.7
3416,85.26,91.46,106.71
3415,85.23,91.48,106.71
3414,85.26,91.47,106.69
3413,85.21,91.44,106.69
3412,85.24,91.45,106.69
3411,85.24,91.46,106.69
3410,85.22,91.46,106.68
3409,85.22,91.45,106.71
3408,85.2,91.44,106.7
3407,85.2,91.46,106.71
3406,85.23,91.45,106.72
3405,85.2,91.44,106.72
3404,85.21,91.44,106.69
3403,85.19,91.43,106.66
3402,85.19,91.44,106.69
3401,85.18,91.42,106.69
3400,85.14,91.41,106.73
3399,85.16,91.45,106.72
3398,85.19,91.42,106.69
3397,85.2,91.44,106.7
3396,85.13,91.39,106.71
3395,85.12,91.4,106.72
3394,85.16,91.43,106.67
3393,85.17,91.46,106.66
3392,85.14,91.44,106.73
3391,85.14,91.43,106.76
3390,85.09,91.38,106.76
3389,85.06,91.38,106.74
3388,85.09,91.4,106.76
3387,85.08,91.42,106.77
3386,85.07,91.4,106.76
3385,85.08,91.4,106.76
3384,85.09,91.39,106.74
3383,85.07,91.39,106.78
3382,85.04,91.39,106.76
3381,85.04,91.39,106.77
3380,85.05,91.38,106.75
3379,85.05,91.37,106.78
3378,85.06,91.4,106.76
3377,84.99,91.37,106.79
3376,85.01,91.39,106.8
3375,85.03,91.38,106.78
3374,85.06,91.41,106.8
3373,85.03,91.39,106.77
3372,85.03,91.39,106.74
3371,85.01,91.41,106.77
3370,85.03,91.42,106.76
3369,85.04,91.4,106.74
3368,85.02,91.39,106.73
3367,85.02,91.4,106.77
3366,85.01,91.39,106.77
3365,84.99,91.39,106.76
3364,85,91.41,106.79
3363,84.99,91.38,106.78
3362,84.98,91.37,106.77
3361,85.02,91.42,106.76
3360,84.98,91.39,106.8
3359,84.98,91.37,106.81
3358,84.98,91.4,106.81
3357,84.98,91.39,106.79
3356,84.99,91.39,106.79
3355,84.99,91.39,106.82
3354,84.94,91.35,106.83
3353,84.97,91.38,106.78
3352,84.96,91.38,106.81
3351,84.95,91.39,106.82
3350,84.96,91.38,106.84
3349,84.96,91.38,106.85
3348,84.98,91.43,106.83
3347,84.97,91.4,106.82
3346,84.93,91.4,106.85
3345,84.92,91.39,106.83
3344,84.93,91.38,106.81
3343,84.95,91.4,106.84
3342,84.95,91.4,106.86
3341,84.94,91.4,106.85
3340,84.94,91.4,106.82
3339,84.95,91.43,106.8
3338,84.95,91.43,106.8
3337,84.95,91.41,106.83
3336,84.92,91.4,106.85
3335,84.93,91.42,106.84
3334,84.92,91.42,106.86
3333,84.92,91.42,106.88
3332,84.91,91.41,106.88
3331,84.89,91.38,106.9
3330,84.93,91.45,106.88
3329,84.91,91.45,106.87
3328,84.9,91.43,106.85
3327,84.9,91.41,106.82
3326,84.89,91.42,106.84
3325,84.89,91.45,106.9
3324,84.88,91.43,106.87
3323,84.87,91.41,106.89
3322,84.89,91.43,106.89
3321,84.9,91.46,106.9
3320,84.89,91.42,106.9
3319,84.85,91.41,106.88
3318,84.88,91.44,106.9
3317,84.85,91.42,106.89
3316,84.86,91.42,106.88
3315,84.84,91.43,106.89
3314,84.86,91.43,106.89
3313,84.84,91.44,106.88
3312,84.86,91.46,106.86
3311,84.87,91.47,106.86
3310,84.88,91.46,106.86
3309,84.86,91.49,106.87
3308,84.85,91.44,106.86
3307,84.86,91.46,106.87
3306,84.85,91.46,106.89
3305,84.82,91.45,106.89
3304,84.83,91.44,106.93
3303,84.81,91.44,106.93
3302,84.81,91.44,106.92
3301,84.83,91.46,106.91
3300,84.8,91.44,106.92
3299,84.84,91.44,106.91
3298,84.83,91.46,106.89
3297,84.85,91.49,106.89
3296,84.83,91.47,106.92
3295,84.81,91.47,106.94
3294,84.82,91.45,106.92
3293,84.81,91.47,106.89
3292,84.81,91.47,106.93
3291,84.8,91.47,106.95
3290,84.84,91.46,106.96
3289,84.83,91.49,106.94
3288,84.8,91.45,106.95
3287,84.82,91.44,106.96
3286,84.8,91.44,106.95
3285,84.82,91.5,106.96
3284,84.82,91.49,106.96
3283,84.84,91.46,106.94
3282,84.83,91.46,106.93
3281,84.82,91.48,106.97
3280,84.82,91.48,106.97
3279,84.81,91.46,106.96
3278,84.84,91.49,106.98
3277,84.86,91.5,106.93
3276,84.89,91.51,106.91
3275,84.85,91.49,106.97
3274,84.85,91.49,106.92
3273,84.87,91.49,106.91
3272,84.88,91.52,106.91
3271,84.87,91.49,106.97
3270,84.86,91.47,106.95
3269,84.86,91.46,107
3268,84.88,91.49,106.98
3267,84.89,91.5,106.99
3266,84.91,91.49,107.02
3265,84.9,91.49,106.99
3264,84.9,91.51,107.01
3263,84.9,91.48,106.98
3262,84.92,91.5,106.99
3261,84.9,91.48,106.99
3260,84.93,91.5,106.98
3259,84.96,91.51,107
3258,84.95,91.49,106.99
3257,84.98,91.51,106.98
3256,84.97,91.52,106.99
3255,84.97,91.51,106.98
3254,84.99,91.51,106.99
3253,85,91.5,107
3252,84.99,91.51,107.01
3251,85.01,91.5,107.02
3250,85,91.5,107
3249,85.02,91.51,106.97
3248,85.04,91.5,106.98
3247,85.08,91.53,106.98
3246,85.07,91.54,107.02
3245,85.07,91.53,107
3244,85.09,91.5,107.02
3243,85.08,91.49,107.03
3242,85.09,91.52,107.02
3241,85.11,91.51,107.02
3240,85.13,91.5,107.03
3239,85.14,91.52,107.01
3238,85.16,91.53,107.02
3237,85.16,91.51,107.01
3236,85.17,91.5,107
3235,85.18,91.51,107.01
3234,85.18,91.52,107.03
3233,85.2,91.51,107.01
3232,85.19,91.5,107.03
3231,85.22,91.52,107.03
3230,85.22,91.51,107
3229,85.22,91.51,107.06
3228,85.22,91.51,107.05
3227,85.24,91.52,107.04
3226,85.24,91.5,107.04
3225,85.25,91.5,107.07
3224,85.23,91.51,107.06
3223,85.25,91.49,107.05
3222,85.25,91.51,107.04
3221,85.26,91.52,107.07
3220,85.27,91.55,107.05
3219,85.24,91.5,107.07
3218,85.24,91.49,107.08
3217,85.25,91.52,107.06
3216,85.26,91.5,107.04
3215,85.26,91.5,107.06
3214,85.27,91.52,107.06
3213,85.22,91.48,107.08
3212,85.24,91.49,107.06
3211,85.22,91.49,107.07
3210,85.21,91.51,107.1
3209,85.19,91.5,107.07
3208,85.19,91.48,107.07
3207,85.19,91.51,107.08
3206,85.18,91.5,107.1
3205,85.17,91.5,107.1
3204,85.14,91.48,107.07
3203,85.14,91.5,107.09
3202,85.14,91.51,107.13
3201,85.11,91.47,107.12
3200,85.1,91.5,107.1
3199,85.12,91.5,107.09
3198,85.09,91.49,107.09
3197,85.07,91.48,107.1
3196,85.04,91.48,107.12
3195,85.07,91.48,107.12
3194,85.05,91.48,107.1
3193,85.05,91.5,107.11
3192,85.03,91.49,107.11
3191,85.04,91.5,107.13
3190,85.04,91.51,107.12
3189,85.02,91.52,107.13
3188,85.03,91.5,107.13
3187,85.01,91.48,107.15
3186,85.02,91.51,107.12
3185,85.05,91.53,107.11
3184,85.03,91.5,107.12
3183,85.03,91.52,107.14
3182,85.03,91.52,107.11
3181,85.05,91.52,107.13
3180,85.08,91.55,107.14
3179,85.07,91.56,107.14
3178,85.07,91.53,107.12
3177,85.07,91.54,107.12
3176,85.1,91.56,107.17
3175,85.11,91.56,107.15
3174,85.12,91.55,107.15
3173,85.09,91.55,107.15
3172,85.12,91.56,107.15
3171,85.14,91.57,107.14
3170,85.14,91.56,107.17
3169,85.15,91.56,107.18
3168,85.16,91.57,107.14
3167,85.17,91.56,107.14
3166,85.16,91.59,107.15
3165,85.17,91.57,107.17
3164,85.21,91.59,107.18
3163,85.21,91.58,107.15
3162,85.23,91.59,107.16
3161,85.24,91.62,107.17
3160,85.22,91.59,107.15
3159,85.27,91.6,107.18
3158,85.27,91.62,107.15
3157,85.29,91.62,107.17
3156,85.28,91.61,107.15
3155,85.3,91.63,107.15
3154,85.32,91.66,107.13
3153,85.34,91.65,107.15
3152,85.33,91.63,107.19
3151,85.34,91.64,107.16
3150,85.35,91.63,107.17
3149,85.36,91.66,107.17
3148,85.37,91.65,107.17
3147,85.36,91.67,107.17
3146,85.37,91.66,107.18
3145,85.38,91.65,107.18
3144,85.39,91.68,107.18
3143,85.41,91.68,107.18
3142,85.43,91.68,107.18
3141,85.44,91.67,107.14
3140,85.44,91.69,107.17
3139,85.46,91.7,107.17
3138,85.46,91.7,107.19
3137,85.46,91.68,107.22
3136,85.46,91.69,107.23
3135,85.49,91.69,107.2
3134,85.49,91.71,107.21
3133,85.52,91.75,107.2
3132,85.53,91.71,107.18
3131,85.54,91.71,107.18
3130,85.52,91.7,107.21
3129,85.54,91.72,107.23
3128,85.55,91.73,107.21
3127,85.56,91.72,107.2
3126,85.56,91.73,107.22
3125,85.56,91.73,107.21
3124,85.6,91.75,107.2
3123,85.61,91.76,107.17
3122,85.62,91.77,107.18
3121,85.62,91.76,107.18
3120,85.64,91.78,107.17
3119,85.68,91.8,107.18
3118,85.65,91.77,107.18
3117,85.65,91.75,107.19
3116,85.66,91.79,107.2
3115,85.68,91.79,107.24
3114,85.64,91.76,107.23
3113,85.67,91.78,107.25
3112,85.68,91.78,107.23
3111,85.69,91.78,107.2
3110,85.7,91.8,107.2
3109,85.67,91.79,107.24
3108,85.71,91.79,107.25
3107,85.71,91.78,107.26
3106,85.71,91.8,107.26
3105,85.71,91.82,107.25
3104,85.74,91.79,107.27
3103,85.74,91.81,107.24
3102,85.75,91.82,107.2
3101,85.75,91.83,107.2
3100,85.77,91.84,107.24
3099,85.76,91.81,107.26
3098,85.78,91.83,107.25
3097,85.8,91.83,107.23
3096,85.8,91.85,107.25
3095,85.79,91.86,107.26
3094,85.8,91.83,107.26
3093,85.8,91.81,107.24
3092,85.82,91.86,107.26
3091,85.82,91.85,107.27
3090,85.84,91.86,107.25
3089,85.82,91.83,107.25
3088,85.82,91.84,107.25
3087,85.82,91.85,107.27
3086,85.85,91.83,107.25
3085,85.85,91.85,107.26
3084,85.85,91.85,107.28
3083,85.86,91.87,107.26
3082,85.89,91.89,107.24
3081,85.86,91.88,107.25
3080,85.88,91.87,107.24
3079,85.9,91.89,107.24
3078,85.9,91.87,107.27
3077,85.9,91.86,107.32
3076,85.89,91.85,107.32
3075,85.92,91.89,107.31
3074,85.91,91.88,107.3
3073,85.9,91.87,107.3
3072,85.93,91.87,107.29
3071,85.94,91.89,107.32
3070,85.93,91.87,107.3
3069,85.96,91.89,107.27
3068,85.95,91.88,107.29
3067,85.94,91.87,107.29
3066,85.98,91.9,107.31
3065,86,91.89,107.26
3064,85.95,91.86,107.31
3063,86,91.89,107.34
3062,85.98,91.86,107.32
3061,85.98,91.89,107.31
3060,85.99,91.88,107.34
3059,86,91.88,107.3
3058,85.99,91.88,107.3
3057,86.02,91.89,107.31
3056,86.03,91.87,107.28
3055,86.04,91.88,107.34
3054,86.05,91.87,107.35
3053,86.06,91.87,107.34
3052,86.05,91.87,107.31
3051,86.05,91.85,107.33
3050,86.06,91.87,107.35
3049,86.07,91.86,107.36
3048,86.05,91.84,107.33
3047,86.08,91.86,107.32
3046,86.08,91.84,107.32
3045,86.09,91.86,107.33
3044,86.1,91.87,107.31
3043,86.11,91.87,107.32
3042,86.1,91.87,107.34
3041,86.13,91.88,107.36
3040,86.11,91.88,107.35
3039,86.11,91.89,107.37
3038,86.11,91.89,107.34
3037,86.14,91.92,107.31
3036,86.17,91.93,107.3
3035,86.16,91.91,107.34
3034,86.16,91.93,107.34
3033,86.18,91.92,107.34
3032,86.18,91.95,107.33
3031,86.19,91.93,107.34
3030,86.18,91.96,107.36
3029,86.18,91.94,107.37
3028,86.18,91.92,107.38
3027,86.18,91.92,107.35
3026,86.24,91.96,107.34
3025,86.23,91.96,107.38
3024,86.23,91.96,107.38
3023,86.22,91.96,107.38
3022,86.24,91.96,107.37
3021,86.26,91.97,107.35
3020,86.24,91.97,107.4
3019,86.24,91.98,107.38
3018,86.26,91.97,107.37
3017,86.25,91.98,107.34
3016,86.3,92.02,107.36
3015,86.31,92,107.36
3014,86.27,91.99,107.38
3013,86.31,91.99,107.34
3012,86.3,92.01,107.34
3011,86.3,91.99,107.4
3010,86.3,91.99,107.41
3009,86.28,91.99,107.4
3008,86.29,91.99,107.41
3007,86.28,91.98,107.38
3006,86.29,91.97,107.4
3005,86.32,91.98,107.4
3004,86.32,91.97,107.4
3003,86.33,91.96,107.42
3002,86.33,91.94,107.42
3001,86.32,91.92,107.42
3000,86.33,91.93,107.4
2999,86.32,91.94,107.37
2998,86.31,91.93,107.43
2997,86.33,91.9,107.43
2996,86.32,91.91,107.43
2995,86.31,91.86,107.39
2994,86.3,91.85,107.38
2993,86.24,91.8,107.41
2992,86.28,91.81,107.45
2991,86.25,91.74,107.45
2990,86.23,91.72,107.43
2989,86.19,91.67,107.42
2988,86.18,91.62,107.42
2987,86.14,91.55,107.41
2986,86.11,91.51,107.44
2985,86.05,91.42,107.42
2984,85.98,91.34,107.43
2983,85.92,91.25,107.43
2982,85.84,91.14,107.42
2981,85.73,90.98,107.42
2980,85.62,90.83,107.45
2979,85.47,90.68,107.45
2978,85.31,90.48,107.45
2977,85.12,90.23,107.45
2976,84.89,89.95,107.42
2975,84.6,89.63,107.45
2974,84.23,89.23,107.45
2973,83.84,88.78,107.45
2972,83.37,88.26,107.48
2971,82.84,87.68,107.49
2970,82.22,87.04,107.48
2969,81.57,86.32,107.47
2968,80.79,85.54,107.49
2967,80,84.68,107.51
2966,79.16,83.83,107.5
2965,78.29,82.92,107.49
2964,77.44,82.06,107.49
2963,76.62,81.21,107.47
2962,75.83,80.4,107.47
2961,75.08,79.62,107.51
2960,74.38,78.9,107.51
2959,73.79,78.28,107.49
2958,73.29,77.77,107.5
2957,72.91,77.38,107.49
2956,72.65,77.1,107.48
2955,72.55,76.97,107.46
2954,72.63,77.03,107.45
2953,72.87,77.29,107.48
2952,73.24,77.59,107.51
2951,73.64,77.94,107.5
2950,74.03,78.26,107.5
2949,74.3,78.45,107.47
2948,74.46,78.52,107.46
2947,74.55,78.52,107.5
2946,74.43,78.31,107.46
2945,74.18,77.92,107.48
2944,73.8,77.43,107.49
2943,73.28,76.82,107.51
2942,72.64,76.02,107.51
2941,71.88,75.12,107.53
2940,71.02,74.1,107.55
2939,70.06,72.99,107.52
2938,69,71.76,107.53
2937,67.9,70.52,107.55
2936,66.73,69.21,107.54
2935,65.51,67.87,107.57
2934,64.25,66.55,107.57
2933,63.02,65.22,107.54
2932,61.76,63.91,107.56
2931,60.55,62.71,107.54
2930,59.39,61.64,107.57
2929,58.33,60.64,107.59
2928,57.29,59.72,107.56
2927,56.35,58.95,107.58
2926,55.56,58.35,107.58
2925,54.85,57.86,107.58
2924,54.34,57.61,107.57
2923,54.03,57.54,107.58
2922,53.95,57.67,107.58
2921,54.03,57.97,107.56
2920,54.31,58.44,107.55
2919,54.8,59.11,107.57
2918,55.42,59.86,107.55
2917,56.14,60.71,107.56
2916,56.97,61.59,107.58
2915,57.8,62.47,107.56
2914,58.68,63.38,107.55
2913,59.55,64.28,107.58
2912,60.37,65.07,107.57
2911,61.13,65.81,107.59
2910,61.88,66.54,107.57
2909,62.57,67.17,107.59
2908,63.21,67.75,107.58
2907,63.78,68.3,107.56
2906,64.32,68.8,107.56
2905,64.83,69.26,107.58
2904,65.33,69.74,107.59
2903,65.74,70.16,107.58
2902,66.15,70.62,107.58
2901,66.57,71.05,107.58
2900,66.92,71.47,107.59
2899,67.28,71.91,107.6
2898,67.6,72.34,107.58
2897,67.93,72.76,107.58
2896,68.25,73.26,107.6
2895,68.56,73.72,107.6
2894,68.84,74.17,107.59
2893,69.16,74.68,107.59
2892,69.5,75.19,107.58
2891,69.82,75.7,107.58
2890,70.11,76.16,107.61
2889,70.44,76.67,107.57
2888,70.73,77.12,107.59
2887,71,77.53,107.59
2886,71.25,77.93,107.6
2885,71.48,78.27,107.61
2884,71.69,78.57,107.59
2883,71.85,78.82,107.6
2882,71.95,78.98,107.58
2881,71.99,79.04,107.6
2880,71.96,79.01,107.58
2879,71.82,78.83,107.61
2878,71.58,78.53,107.59
2877,71.23,78.11,107.6
2876,70.76,77.57,107.58
2875,70.24,76.98,107.61
2874,69.8,76.47,107.6
2873,69.45,76.06,107.57
2872,69.2,75.8,107.6
2871,69.12,75.7,107.59
2870,69.12,75.7,107.56
2869,69.14,75.7,107.57
2868,69.1,75.64,107.59
2867,68.96,75.44,107.58
2866,68.69,75.1,107.57
2865,68.23,74.56,107.56
2864,67.61,73.84,107.58
2863,66.82,72.91,107.56
2862,65.91,71.88,107.55
2861,64.89,70.76,107.53
2860,63.9,69.67,107.51
2859,62.89,68.51,107.48
2858,61.87,67.45,107.47
2857,61,66.52,107.45
2856,60.23,65.77,107.44
2855,59.65,65.25,107.43
2854,59.31,65,107.41
2853,59.26,65.04,107.44
2852,59.44,65.36,107.4
2851,59.91,65.99,107.41
2850,60.55,66.83,107.43
2849,61.42,67.83,107.46
2848,62.47,69.05,107.45
2847,63.62,70.34,107.45
2846,64.81,71.65,107.47
2845,65.99,72.99,107.47
2844,67.22,74.28,107.45
2843,68.39,75.52,107.48
2842,69.46,76.65,107.5
2841,70.43,77.66,107.49
2840,71.33,78.56,107.5
2839,72.14,79.4,107.5
2838,72.9,80.12,107.5
2837,73.53,80.72,107.52
2836,74.06,81.25,107.52
2835,74.54,81.73,107.53
2834,74.98,82.13,107.53
2833,75.4,82.53,107.52
2832,75.73,82.85,107.53
2831,76.06,83.17,107.52
2830,76.33,83.41,107.52
2829,76.58,83.64,107.52
2828,76.82,83.86,107.56
2827,77.04,84.07,107.53
2826,77.23,84.26,107.53
2825,77.43,84.44,107.52
2824,77.59,84.61,107.54
2823,77.77,84.76,107.55
2822,77.91,84.91,107.54
2821,78.05,85.06,107.57
2820,78.17,85.16,107.57
2819,78.29,85.3,107.55
2818,78.4,85.43,107.55
2817,78.5,85.54,107.54
2816,78.58,85.64,107.56
2815,78.67,85.74,107.58
2814,78.76,85.82,107.57
2813,78.84,85.93,107.56
2812,78.89,86.04,107.57
2811,78.94,86.13,107.6
2810,78.99,86.2,107.57
2809,79.07,86.28,107.58
2808,79.1,86.36,107.58
2807,79.16,86.45,107.59
2806,79.17,86.52,107.57
2805,79.23,86.6,107.6
2804,79.29,86.69,107.58
2803,79.35,86.76,107.58
2802,79.39,86.83,107.59
2801,79.43,86.88,107.58
2800,79.48,86.98,107.6
2799,79.54,87.05,107.59
2798,79.59,87.08,107.62
2797,79.66,87.17,107.6
2796,79.73,87.22,107.6
2795,79.82,87.29,107.6
2794,79.89,87.36,107.62
2793,79.97,87.41,107.63
2792,80.02,87.46,107.62
2791,80.1,87.51,107.6
2790,80.18,87.59,107.63
2789,80.24,87.63,107.62
2788,80.33,87.67,107.59
2787,80.43,87.72,107.6
2786,80.48,87.77,107.61
2785,80.55,87.8,107.62
2784,80.62,87.86,107.63
2783,80.72,87.9,107.63
2782,80.78,87.95,107.61
2781,80.85,87.99,107.64
2780,80.95,88.04,107.61
2779,81,88.07,107.63
2778,81.09,88.11,107.65
2777,81.13,88.15,107.64
2776,81.23,88.22,107.64
2775,81.3,88.24,107.6
2774,81.34,88.25,107.62
2773,81.4,88.27,107.6
2772,81.45,88.31,107.59
2771,81.51,88.33,107.56
2770,81.56,88.38,107.56
2769,81.61,88.42,107.56
2768,81.67,88.44,107.54
2767,81.7,88.45,107.56
2766,81.73,88.46,107.53
2765,81.78,88.48,107.51
2764,81.82,88.51,107.55
2763,81.85,88.52,107.54
2762,81.9,88.58,107.53
2761,81.91,88.57,107.55
2760,81.95,88.59,107.55
2759,81.99,88.61,107.54
2758,82.01,88.62,107.55
2757,82.05,88.67,107.57
2756,82.05,88.64,107.58
2755,82.1,88.66,107.57
2754,82.14,88.69,107.58
2753,82.14,88.7,107.57
2752,82.17,88.74,107.57
2751,82.18,88.74,107.61
2750,82.21,88.72,107.58
2749,82.26,88.78,107.6
2748,82.26,88.78,107.61
2747,82.27,88.75,107.58
2746,82.28,88.78,107.6
2745,82.3,88.77,107.61
2744,82.32,88.79,107.6
2743,82.32,88.79,107.65
2742,82.34,88.79,107.65
2741,82.36,88.81,107.65
2740,82.36,88.81,107.67
2739,82.37,88.82,107.69
2738,82.37,88.84,107.68
2737,82.37,88.8,107.69
2736,82.39,88.79,107.71
2735,82.38,88.79,107.73
2734,82.38,88.79,107.73
2733,82.39,88.8,107.76
2732,82.39,88.8,107.77
2731,82.39,88.77,107.77
2730,82.4,88.79,107.77
2729,82.42,88.82,107.79
2728,82.46,88.87,107.83
2727,82.46,88.87,107.83
2726,82.48,88.83,107.81
2725,82.49,88.84,107.82
2724,82.53,88.89,107.86
2723,82.55,88.91,107.84
2722,82.54,88.88,107.84
2721,82.57,88.93,107.84
2720,82.59,88.94,107.86
2719,82.61,88.93,107.87
2718,82.64,88.98,107.85
2717,82.63,88.98,107.85
2716,82.63,88.96,107.85
2715,82.67,88.98,107.87
2714,82.7,89.01,107.87
2713,82.68,89.02,107.87
2712,82.74,89.04,107.86
2711,82.73,89.05,107.88
2710,82.75,89.03,107.89
2709,82.77,89.06,107.88
2708,82.76,89.07,107.87
2707,82.8,89.1,107.87
2706,82.82,89.1,107.89
2705,82.82,89.09,107.89
2704,82.81,89.08,107.92
2703,82.83,89.12,107.89
2702,82.83,89.12,107.9
2701,82.82,89.09,107.9
2700,82.86,89.12,107.9
2699,82.87,89.12,107.9
2698,82.85,89.13,107.91
2697,82.87,89.12,107.9
2696,82.87,89.11,107.91
2695,82.86,89.1,107.92
2694,82.86,89.12,107.93
2693,82.85,89.12,107.91
2692,82.83,89.12,107.9
2691,82.86,89.11,107.93
2690,82.85,89.12,107.93
2689,82.84,89.13,107.92
2688,82.84,89.1,107.92
2687,82.84,89.1,107.94
2686,82.82,89.07,107.97
2685,82.82,89.1,107.94
2684,82.84,89.1,107.95
2683,82.84,89.14,107.95
2682,82.84,89.15,107.97
2681,82.84,89.1,107.95
2680,82.85,89.11,107.94
2679,82.87,89.15,107.94
2678,82.87,89.16,107.96
2677,82.86,89.11,107.94
2676,82.87,89.13,107.97
2675,82.89,89.16,107.98
2674,82.91,89.17,107.96
2673,82.88,89.13,107.94
2672,82.91,89.16,107.97
2671,82.91,89.16,107.99
2670,82.91,89.18,107.99
2669,82.94,89.18,107.96
2668,82.96,89.21,107.96
2667,82.93,89.21,107.99
2666,82.96,89.23,107.97
2665,82.99,89.25,107.98
2664,82.99,89.23,107.98
2663,83.02,89.26,107.98
2662,83.03,89.29,107.99
2661,83.02,89.28,107.98
2660,83.07,89.32,107.97
2659,83.07,89.32,107.99
2658,83.08,89.33,108.01
2657,83.09,89.34,107.99
2656,83.1,89.37,107.98
2655,83.13,89.38,107.99
2654,83.16,89.4,108
2653,83.17,89.41,107.99
2652,83.15,89.42,107.97
2651,83.19,89.43,107.96
2650,83.18,89.44,108
2649,83.19,89.44,107.99
2648,83.22,89.48,107.97
2647,83.22,89.48,107.98
2646,83.23,89.49,107.97
2645,83.26,89.5,107.98
2644,83.25,89.52,107.97
2643,83.27,89.52,107.98
2642,83.26,89.52,107.96
2641,83.26,89.53,107.97
2640,83.29,89.55,107.96
2639,83.31,89.55,108.03
2638,83.28,89.53,107.98
2637,83.29,89.56,107.96
2636,83.35,89.61,107.98
2635,83.34,89.61,107.99
2634,83.33,89.59,107.96
2633,83.34,89.6,107.95
2632,83.36,89.61,107.95
2631,83.35,89.61,107.98
2630,83.37,89.66,107.96
2629,83.42,89.66,107.95
2628,83.42,89.66,107.97
2627,83.42,89.7,107.96
2626,83.45,89.73,107.99
2625,83.46,89.71,107.96
2624,83.47,89.72,107.97
2623,83.49,89.75,107.93
2622,83.5,89.76,107.96
2621,83.5,89.74,107.96
2620,83.51,89.74,107.95
2619,83.51,89.75,108
2618,83.53,89.79,107.98
2617,83.55,89.79,107.95
2616,83.52,89.79,107.94
2615,83.54,89.78,107.97
2614,83.55,89.78,107.97
2613,83.55,89.83,107.97
2612,83.54,89.84,107.96
2611,83.57,89.84,107.96
2610,83.62,89.82,107.97
2609,83.6,89.8,107.97
2608,83.58,89.86,107.99
2607,83.57,89.85,108.01
2606,83.62,89.84,107.99
2605,83.63,89.85,107.95
2604,83.61,89.88,107.97
2603,83.63,89.9,107.95
2602,83.68,89.9,107.98
2601,83.64,89.9,107.97
2600,83.7,89.89,108.02
2599,83.67,89.89,107.99
2598,83.69,89.95,107.98
2597,83.67,89.9,107.98
2596,83.69,89.93,107.96
2595,83.72,89.98,108
2594,83.71,89.95,108.01
2593,83.74,89.97,108.01
2592,83.78,89.98,108
2591,83.73,89.96,107.99
2590,83.74,89.97,107.98
2589,83.76,90,108.02
2588,83.8,89.99,107.98
2587,83.76,90.01,108
2586,83.79,90.04,107.98
2585,83.75,89.98,108.04
2584,83.76,90,107.99
2583,83.8,90.03,107.99
2582,83.81,90.04,108.05
2581,83.81,89.93,107.99
2580,83.79,89.96,107.98
2579,83.8,90,108.01
2578,83.78,90.02,108
2577,83.8,90.06,108.02
2576,83.82,90.07,107.92
2575,83.85,90.09,108.02
2574,83.85,90.05,108.07
2573,83.81,90.08,108
2572,83.89,90.07,107.98
2571,83.91,90.13,107.97
2570,83.9,90.12,108.03
2569,83.88,90.15,108.03
2568,83.86,90.12,108.06
2567,83.91,90.12,108.02
2566,83.91,90.09,108.04
2565,83.96,90.1,108.07
2564,83.89,90.14,108.05
2563,83.85,90.1,108.03
2562,83.92,90.16,108.03
2561,83.93,90.18,108.05
2560,83.95,90.15,108.04
2559,83.96,90.2,108.03
2558,83.96,90.2,108.05
2557,83.97,90.22,108.04
2556,83.98,90.18,108.05
2555,83.99,90.18,107.98
2554,83.98,90.18,108.05
2553,83.94,90.18,108.07
2552,83.97,90.15,108.09
2551,83.96,90.16,108.07
2550,83.99,90.21,108.08
2549,83.97,90.2,108.08
2548,83.98,90.23,108.08
2547,84.03,90.24,108.08
2546,84.03,90.2,108.05
2545,84.01,90.24,108.05
2544,84.01,90.21,108.07
2543,84.02,90.2,108.09
2542,84.04,90.27,108.05
2541,84.04,90.23,108.05
2540,84.03,90.26,108.07
2539,84,90.24,108.09
2538,84.04,90.22,108.03
2537,84.07,90.25,108.07
2536,84.01,90.23,108.05
2535,84.07,90.25,108.05
2534,84.02,90.23,108.1
2533,84.08,90.27,108.09
2532,84.03,90.23,108.06
2531,84.03,90.26,108.07
2530,84.02,90.26,108.04
2529,84.06,90.3,108.06
2528,84.11,90.31,108.04
2527,84.07,90.33,108.02
2526,84.06,90.34,108.03
2525,84.09,90.28,108.06
2524,84.09,90.32,108.07
2523,84.09,90.29,108.01
2522,84.11,90.27,108.01
2521,84.12,90.32,107.97
2520,84.07,90.29,108.03
2519,84.09,90.29,108
2518,84.16,90.35,107.98
2517,84.13,90.35,107.97
2516,84.13,90.34,108.03
2515,84.15,90.31,107.95
2514,84.16,90.35,107.96
2513,84.19,90.36,107.97
2512,84.14,90.34,108
2511,84.16,90.34,107.92
2510,84.14,90.37,107.91
2509,84.16,90.35,107.9
2508,84.18,90.36,107.93
2507,84.16,90.39,107.89
2506,84.2,90.36,107.89
2505,84.2,90.4,107.9
2504,84.19,90.39,107.87
2503,84.2,90.37,107.94
2502,84.24,90.38,107.87
2501,84.24,90.4,107.85
2500,84.22,90.44,107.87
2499,84.24,90.41,107.87
2498,84.24,90.38,107.85
2497,84.23,90.41,107.89
2496,84.2,90.37,107.88
2495,84.22,90.37,107.89
2494,84.26,90.38,107.88
2493,84.22,90.37,107.84
2492,84.2,90.4,107.86
2491,84.22,90.38,107.84
2490,84.24,90.38,107.85
2489,84.26,90.43,107.85
2488,84.28,90.46,107.89
2487,84.26,90.41,107.82
2486,84.3,90.46,107.86
2485,84.24,90.4,107.84
2484,84.21,90.37,107.86
2483,84.26,90.39,107.84
2482,84.26,90.4,107.87
2481,84.26,90.41,107.83
2480,84.27,90.41,107.85
2479,84.29,90.4,107.79
2478,84.31,90.45,107.78
2477,84.27,90.45,107.83
2476,84.25,90.44,107.8
2475,84.28,90.43,107.85
2474,84.3,90.45,107.87
2473,84.34,90.46,107.84
2472,84.3,90.44,107.87
2471,84.29,90.41,107.86
2470,84.28,90.4,107.88
2469,84.34,90.46,107.85
2468,84.34,90.46,107.9
2467,84.33,90.44,107.88
2466,84.33,90.42,107.87
2465,84.35,90.47,107.86
2464,84.33,90.46,107.85
2463,84.3,90.45,107.86
2462,84.32,90.44,107.85
2461,84.35,90.45,107.8
2460,84.37,90.47,107.79
2459,84.35,90.42,107.77
2458,84.36,90.43,107.72
2457,84.35,90.47,107.74
2456,84.36,90.46,107.67
2455,84.36,90.42,107.66
2454,84.37,90.48,107.59
2453,84.34,90.46,107.56
2452,84.38,90.47,107.52
2451,84.38,90.47,107.52
2450,84.38,90.42,107.45
2449,84.36,90.42,107.38
2448,84.34,90.47,107.37
2447,84.35,90.47,107.41
2446,84.44,90.48,107.4
2445,84.42,90.48,107.32
2444,84.39,90.5,107.31
2443,84.45,90.49,107.31
2442,84.38,90.47,107.29
2441,84.39,90.47,107.28
2440,84.41,90.44,107.26
2439,84.42,90.49,107.24
2438,84.44,90.51,107.26
2437,84.43,90.5,107.22
2436,84.41,90.5,107.19
2435,84.4,90.48,107.17
2434,84.45,90.5,107.16
2433,84.43,90.52,107.15
2432,84.41,90.52,107.11
2431,84.45,90.52,107.12
2430,84.45,90.49,107.12
2429,84.47,90.55,107.1
2428,84.46,90.51,107.1
2427,84.44,90.48,107.07
2426,84.48,90.5,107.09
2425,84.45,90.46,107.16
2424,84.44,90.49,107.24
2423,84.47,90.51,107.33
2422,84.43,90.45,107.44
2421,84.42,90.46,107.59
2420,84.48,90.52,107.68
2419,84.48,90.51,107.76
2418,84.48,90.52,107.82
2417,84.46,90.48,107.93
2416,84.47,90.45,107.99
2415,84.49,90.48,108.02
2414,84.49,90.45,108.06
2413,84.48,90.46,108.11
2412,84.48,90.5,108.12
2411,84.49,90.44,108.14
2410,84.51,90.44,108.16
2409,84.5,90.48,108.18
2408,84.45,90.41,108.2
2407,84.44,90.42,108.19
2406,84.49,90.45,108.21
2405,84.51,90.43,108.24
2404,84.48,90.38,108.23
2403,84.48,90.39,108.25
2402,84.48,90.41,108.24
2401,84.49,90.4,108.26
2400,84.52,90.38,108.3
2399,84.49,90.37,108.31
2398,84.5,90.36,108.34
2397,84.49,90.36,108.27
2396,84.5,90.36,108.31
2395,84.52,90.34,108.32
2394,84.47,90.31,108.33
2393,84.51,90.31,108.34
2392,84.51,90.31,108.38
2391,84.49,90.27,108.36
2390,84.47,90.27,108.34
2389,84.51,90.29,108.34
2388,84.51,90.29,108.37
2387,84.5,90.28,108.33
2386,84.48,90.27,108.35
2385,84.53,90.27,108.34
2384,84.52,90.29,108.33
2383,84.51,90.28,108.32
2382,84.52,90.26,108.34
2381,84.52,90.22,108.3
2380,84.53,90.24,108.35
2379,84.56,90.26,108.32
2378,84.52,90.21,108.27
2377,84.57,90.27,108.26
2376,84.52,90.22,108.23
2375,84.58,90.21,108.16
2374,84.57,90.26,108.17
2373,84.58,90.31,108.18
2372,84.54,90.33,108.11
2371,84.58,90.33,108.15
2370,84.55,90.46,108.36
2369,84.58,89.75,108.44
2368,84.57,90.11,108.32
2367,84.55,90.19,108.24
2366,84.45,90.21,108.19
2365,84.58,90.35,108.2
2364,84.52,90.2,108.37
2363,84.53,90.12,108.43
2362,84.49,90.1,108.32
2361,84.53,90.25,108.3
2360,84.5,90.23,108.3
2359,84.43,90.07,108.38
2358,84.47,90.14,108.22
2357,84.5,90.21,108.32
2356,84.5,90.16,108.34
2355,84.47,90.12,108.17
2354,84.52,90.21,108.27
2353,84.48,90.17,108.34
2352,84.43,90.1,108.29
2351,84.47,90.14,108.4
2350,84.5,90.13,108.43
2349,84.49,90.12,108.55
2348,84.49,90.17,108.65
2347,84.55,90.27,108.56
2346,84.5,90.17,108.56
2345,84.51,90.19,108.47
2344,84.57,90.35,108.4
2343,84.51,90.28,108.46
2342,84.52,90.28,108.44
2341,84.55,90.35,108.43
2340,84.52,90.28,108.41
2339,84.54,90.35,108.4
2338,84.52,90.37,108.41
2337,84.52,90.36,108.46
2336,84.59,90.43,108.33
2335,84.58,90.33,108.44
2334,84.53,90.41,108.35
2333,84.61,90.5,108.44
2332,84.56,90.45,108.31
2331,84.53,90.48,108.33
2330,84.57,90.39,108.32
2329,84.58,90.51,108.21
2328,84.61,90.46,108.34
2327,84.62,90.56,108.24
2326,84.64,90.47,108.3
2325,84.61,90.54,108.19
2324,84.65,90.54,108.32
2323,84.66,90.58,108.23
2322,84.65,90.53,108.28
2321,84.7,90.59,108.18
2320,84.67,90.56,108.29
2319,84.72,90.62,108.21
2318,84.69,90.58,108.3
2317,84.69,90.63,108.27
2316,84.66,90.57,108.3
2315,84.72,90.62,108.32
2314,84.68,90.58,108.37
2313,84.7,90.64,108.31
2312,84.66,90.6,108.36
2311,84.72,90.61,108.29
2310,84.71,90.59,108.41
2309,84.74,90.64,108.35
2308,84.69,90.63,108.46
2307,84.74,90.66,108.44
2306,84.75,90.65,108.47
2305,84.75,90.64,108.43
2304,84.75,90.66,108.54
2303,84.71,90.65,108.46
2302,84.74,90.64,108.52
2301,84.73,90.68,108.46
2300,84.71,90.6,108.55
2299,84.75,90.68,108.53
2298,84.77,90.7,108.55
2297,84.73,90.64,108.56
2296,84.76,90.63,108.56
2295,84.77,90.64,108.57
2294,84.77,90.68,108.56
2293,84.77,90.63,108.57
2292,84.76,90.64,108.58
2291,84.79,90.74,108.62
2290,84.81,90.71,108.59
2289,84.82,90.65,108.6
2288,84.79,90.71,108.62
2287,84.88,90.79,108.64
2286,84.8,90.64,108.6
2285,84.79,90.67,108.58
2284,84.81,90.69,108.57
2283,84.82,90.73,108.62
2282,84.79,90.69,108.62
2281,84.79,90.7,108.61
2280,84.82,90.7,108.66
2279,84.85,90.78,108.58
2278,84.79,90.71,108.6
2277,84.82,90.71,108.62
2276,84.85,90.74,108.62
2275,84.82,90.73,108.63
2274,84.85,90.7,108.68
2273,84.82,90.73,108.59
2272,84.78,90.72,108.63
2271,84.82,90.68,108.68
2270,84.89,90.77,108.65
2269,84.9,90.79,108.55
2268,84.84,90.7,108.61
2267,84.9,90.78,108.67
2266,84.9,90.74,108.68
2265,84.89,90.72,108.69
2264,84.85,90.69,108.72
2263,84.83,90.7,108.61
2262,84.87,90.83,108.62
2261,84.89,90.78,108.66
2260,84.89,90.77,108.65
2259,84.86,90.83,108.65
2258,84.87,90.79,108.7
2257,84.88,90.77,108.65
2256,84.89,90.85,108.62
2255,84.93,90.91,108.63
2254,84.87,90.84,108.69
2253,84.83,90.72,108.75
2252,84.91,90.81,108.7
2251,84.88,90.78,108.7
2250,84.93,90.74,108.73
2249,84.89,90.82,108.7
2248,84.91,90.8,108.67
2247,84.94,90.96,108.72
2246,84.84,90.8,108.68
2245,84.9,90.73,108.65
2244,84.85,90.81,108.7
2243,84.9,90.81,108.64
2242,84.9,90.76,108.58
2241,84.95,90.85,108.68
2240,84.98,90.91,108.72
2239,84.94,90.82,108.74
2238,84.9,90.82,108.72
2237,84.93,90.84,108.8
2236,84.98,90.83,108.7
2235,85.01,90.8,108.57
2234,85.07,90.86,108.83
2233,84.92,90.82,108.69
2232,84.99,90.93,108.68
2231,84.98,90.9,108.69
2230,84.9,90.9,108.8
2229,84.91,90.91,108.63
2228,84.93,90.85,108.71
2227,84.92,90.9,108.72
2226,84.91,90.93,108.82
2225,85.02,90.86,108.7
2224,85.02,90.87,108.77
2223,84.98,90.86,108.77
2222,84.94,90.9,108.83
2221,85.08,91.08,108.63
2220,84.93,90.89,108.77
2219,85.04,90.99,108.84
2218,85.03,90.87,108.8
2217,84.91,90.94,108.75
2216,84.92,90.97,108.8
2215,84.98,90.85,108.69
2214,85.12,90.95,108.62
2213,85.04,91,108.63
2212,84.99,90.97,108.77
2211,85.02,90.89,108.83
2210,84.99,90.9,108.76
2209,84.97,90.82,108.81
2208,85.07,90.93,108.76
2207,84.97,90.89,108.74
2206,85.02,90.84,108.8
2205,85.12,91.05,108.83
2204,85.06,90.84,108.67
2203,84.95,90.81,108.84
2202,85.01,90.93,108.96
2201,85.04,90.9,108.8
2200,85,90.86,108.8
2199,85.07,91.07,108.81
2198,85.14,90.88,108.73
2197,85.05,90.9,108.79
2196,85.11,91,108.84
2195,84.9,90.95,108.73
2194,84.98,90.9,108.73
2193,85.11,90.91,108.83
2192,85.1,91.01,108.77
2191,85.09,90.99,108.81
2190,85.19,91.05,108.82
2189,85.15,90.91,108.98
2188,85.09,90.94,108.79
2187,85.25,91.09,108.78
2186,84.97,91,108.94
2185,85.1,90.87,108.92
2184,85.14,91.04,109
2183,85.07,91.03,108.75
2182,85.02,90.92,108.72
2181,85.06,90.83,108.93
2180,84.99,90.85,108.71
2179,85.12,90.98,108.57
2178,85.1,90.93,108.93
2177,85.21,91.11,108.85
2176,85.21,90.96,108.97
2175,84.99,90.9,108.9
2174,84.96,90.94,108.8
2173,85.18,91.02,108.77
2172,85.23,91.09,108.78
2171,85.01,91.03,108.96
2170,85.14,90.92,108.8
2169,85,90.8,108.82
2168,84.92,91,108.69
2167,85.27,91.15,108.81
2166,85.29,90.92,108.69
2165,85.19,90.82,108.59
2164,84.93,90.92,108.75
2163,85.28,91.17,108.72
2162,85.32,91.1,108.63
2161,85.29,91.33,108.96
2160,85.16,90.96,108.94
2159,85.02,90.89,109.09
2158,85.03,90.83,108.8
2157,85.19,91.18,108.76
2156,85.13,91.14,108.82
2155,85.06,90.97,108.85
2154,85.16,91.17,108.64
2153,85.19,91.14,108.85
2152,85.27,91.08,108.92
2151,85.17,91.02,108.78
2150,84.97,90.87,108.9
2149,84.96,91.02,108.97
2148,85.17,91.18,108.98
2147,85.14,90.99,108.85
2146,85.07,90.9,108.77
2145,84.93,91.03,109.14
2144,85.03,90.95,108.86
2143,85.24,90.97,108.81
2142,85.12,91.05,108.8
2141,85.03,91.01,109
2140,84.98,91.01,108.97
2139,85.01,90.89,108.88
2138,85.05,91,108.93
2137,85.24,90.97,108.94
2136,85.04,91.02,108.94
2135,85,91.02,108.99
2134,85.05,90.99,108.84
2133,85.12,91.04,108.87
2132,85.11,91.06,108.88
2131,85.01,90.98,108.88
2130,85.07,90.99,109.01
2129,85.01,91.02,108.98
2128,85.03,91,108.92
2127,85.03,90.95,108.97
2126,85.12,90.98,108.85
2125,85.1,90.93,108.95
2124,85.06,91,109.04
2123,85.13,90.98,109.05
2122,85.08,90.98,108.93
2121,85.02,91.01,108.94
2120,85.11,91.02,108.94
2119,85.12,91.01,108.96
2118,85.05,90.97,108.93
2117,85.13,90.92,108.96
2116,85.13,90.98,108.93
2115,85.07,91.05,108.98
2114,85.08,91.02,108.89
2113,85.02,90.86,108.94
2112,85.08,90.97,109.01
2111,85.11,90.94,108.85
2110,85.12,90.96,108.94
2109,85.12,91.06,109.01
2108,85.1,90.99,108.86
2107,85.15,90.95,108.92
2106,85.1,90.96,108.92
2105,85.16,91.09,109.05
2104,85.07,91.01,108.96
2103,85.18,90.98,108.85
2102,85.18,91.01,108.88
2101,85.1,90.94,109.06
2100,85.1,90.94,108.86
2099,85.17,91.04,108.85
2098,85.19,91.08,108.93
2097,85.16,90.96,108.99
2096,85.11,90.93,108.98
2095,85.14,91.05,108.9
2094,85.09,90.99,108.98
2093,85.22,91.01,108.95
2092,85.11,90.97,109.01
2091,85.12,90.98,108.95
2090,85.15,90.99,108.96
2089,85.19,91.02,108.99
2088,85.11,91.04,108.97
2087,85.12,91.04,109.06
2086,85.15,90.96,108.95
2085,85.23,91.07,109
2084,85.19,91.06,108.98
2083,85.21,90.99,108.99
2082,85.13,91.02,109.09
2081,85.18,91.04,108.93
2080,85.22,91.03,109.07
2079,85.2,90.99,109.09
2078,85.19,91.05,109.04
2077,85.18,91.05,109.06
2076,85.36,91.01,108.89
2075,85.38,91.19,109.14
2074,85.27,91.13,109.09
2073,85.27,91.07,109.13
2072,85.22,91.07,109.03
2071,85.27,91.05,109.09
2070,85.28,91.06,109.1
2069,85.36,91.12,109.12
2068,85.35,91.09,109.12
2067,85.25,91.19,109.15
2066,85.28,91.07,109.09
2065,85.28,90.98,109.2
2064,85.29,91.03,109.07
2063,85.18,91,109.2
2062,85.11,90.96,109.08
2061,85.33,91,109.07
2060,85.49,91.19,109.14
2059,85.29,91.07,109.12
2058,85.38,91.14,109.06
2057,85.41,91.12,109.2
2056,85.29,91.04,109.16
2055,85.31,91,109.11
2054,85.33,91.04,109.19
2053,85.45,91.2,109.12
2052,85.37,90.98,109.13
2051,85.36,91.01,109.21
2050,85.43,91.1,109.3
2049,85.38,91.02,109.21
2048,85.25,91.07,109.16
2047,85.25,91.15,109.33
2046,85.39,90.97,109.29
2045,85.28,91.01,109.11
2044,85.3,91.08,109.13
2043,85.41,91.11,109.16
2042,85.35,91.06,109.01
2041,85.41,91.14,109.18
2040,85.4,90.99,109.13
2039,85.39,91.05,109.34
2038,85.46,91.11,109.29
2037,85.46,91.24,109.13
2036,85.37,91.06,109.3
2035,85.44,91.19,109.14
2034,85.4,91.07,109.3
2033,85.59,91.22,109.27
2032,85.28,91.07,109.11
2031,85.35,91.07,109.04
2030,85.47,91.08,109.13
2029,85.51,90.97,109.08
2028,85.6,91.24,109.06
2027,85.35,91.16,109.34
2026,85.33,91.02,109.45
2025,85.5,91.17,109.08
2024,85.7,91.17,109.18
2023,85.36,91.14,109.33
2022,85.3,90.91,109.14
2021,85.41,91.23,109.27
2020,85.33,91.11,109.41
2019,85.32,91.07,109.01
2018,85.54,91.33,109.13
2017,85.51,91.1,109.19
2016,85.28,91.09,109.19
2015,85.48,91.16,109.41
2014,85.39,91.05,109.15
2013,85.46,91.18,109.36
2012,85.39,91.17,109.41
2011,85.49,91.32,109.28
2010,85.36,91.03,109.17
2009,85.51,91.15,109.39
2008,85.44,91.26,109.43
2007,85.56,91.36,109.41
2006,85.47,91.34,109.27
2005,85.3,91.34,109.12
2004,85.38,91.1,109.33
2003,85.42,91.18,109.27
2002,85.2,90.92,109.17
2001,85.44,91.17,109.27
2000,85.62,91.34,109.43
1999,85.62,91.22,109.3
1998,85.49,91.22,109.34
1997,85.51,91.31,109.31
1996,85.45,91.23,109.33
1995,85.57,91.23,109.41
1994,85.54,91.25,109.44
1993,85.52,91.24,109.28
1992,85.55,91.28,109.35
1991,85.38,91.19,109.26
1990,85.41,91.17,109.46
1989,85.49,91.14,109.33
1988,85.6,91.28,109.33
1987,85.58,91.44,109.34
1986,85.28,91.23,109.33
1985,85.46,91.19,109.37
1984,85.85,91.28,109.31
1983,85.59,91.33,109.32
1982,85.32,91.19,109.24
1981,85.66,91.26,109.22
1980,85.66,91.3,109.17
1979,85.58,91.38,109.47
1978,85.65,91.52,109.25
1977,85.38,91.21,109.15
1976,85.34,91.29,109.51
1975,85.47,91.18,109.32
1974,85.55,91.17,109.28
1973,85.54,91.43,109.42
1972,85.4,91.17,109.23
1971,85.71,91.48,109.53
1970,85.48,91.33,109.3
1969,85.62,91.29,109.31
1968,85.4,91.14,109.18
1967,85.5,91.35,109.42
1966,85.48,91.31,109.46
1965,85.45,91.3,109.19
1964,85.55,91.17,109.38
1963,85.48,91.38,109.51
1962,85.4,91.21,109.46
1961,85.49,91.18,109.32
1960,85.57,91.28,109.36
1959,85.55,91.47,109.52
1958,85.34,91.27,109.38
1957,85.41,91.21,109.5
1956,85.49,91.25,109.34
1955,85.55,91.28,109.35
1954,85.44,91.26,109.45
1953,85.42,91.29,109.43
1952,85.42,91.36,109.44
1951,85.48,91.24,109.59
1950,85.72,91.35,109.61
1949,85.46,91.29,109.37
1948,85.42,91.26,109.54
1947,85.39,91.19,109.48
1946,85.4,91.24,109.48
1945,85.59,91.4,109.57
1944,85.58,91.26,109.52
1943,85.51,91.28,109.5
1942,85.45,91.22,109.47
1941,85.49,91.22,109.49
1940,85.62,91.37,109.49
1939,85.48,91.25,109.57
1938,85.53,91.23,109.47
1937,85.6,91.44,109.45
1936,85.51,91.28,109.56
1935,85.5,91.21,109.57
1934,85.56,91.33,109.58
1933,85.56,91.22,109.56
1932,85.63,91.38,109.49
1931,85.58,91.36,109.54
1930,85.53,91.3,109.63
1929,85.53,91.31,109.55
1928,85.53,91.32,109.52
1927,85.51,91.35,109.6
1926,85.54,91.27,109.54
1925,85.69,91.41,109.6
1924,85.63,91.25,109.51
1923,85.51,91.27,109.48
1922,85.58,91.31,109.53
1921,85.56,91.22,109.58
1920,85.66,91.32,109.64
1919,85.64,91.41,109.61
1918,85.64,91.39,109.57
1917,85.59,91.38,109.54
1916,85.55,91.27,109.59
1915,85.64,91.32,109.7
1914,85.58,91.32,109.67
1913,85.54,91.35,109.6
1912,85.55,91.32,109.6
1911,85.66,91.32,109.63
1910,85.62,91.32,109.7
1909,85.61,91.4,109.65
1908,85.56,91.35,109.62
1907,85.6,91.32,109.69
1906,85.69,91.4,109.64
1905,85.57,91.29,109.66
1904,85.55,91.27,109.6
1903,85.62,91.42,109.62
1902,85.64,91.37,109.69
1901,85.69,91.39,109.58
1900,85.68,91.34,109.65
1899,85.68,91.32,109.66
1898,85.63,91.38,109.66
1897,85.68,91.39,109.62
1896,85.7,91.35,109.77
1895,85.66,91.33,109.72
1894,85.67,91.35,109.68
1893,85.61,91.4,109.67
1892,85.66,91.4,109.74
1891,85.77,91.41,109.67
1890,85.69,91.41,109.6
1889,85.68,91.41,109.7
1888,85.68,91.38,109.71
1887,85.65,91.4,109.67
1886,85.68,91.37,109.68
1885,85.68,91.43,109.73
1884,85.67,91.4,109.73
1883,85.73,91.37,109.8
1882,85.69,91.35,109.78
1881,85.67,91.39,109.79
1880,85.66,91.36,109.81
1879,85.65,91.36,109.79
1878,85.7,91.4,109.77
1877,85.7,91.42,109.77
1876,85.76,91.44,109.76
1875,85.72,91.42,109.75
1874,85.69,91.42,109.79
1873,85.7,91.43,109.79
1872,85.72,91.41,109.8
1871,85.71,91.4,109.78
1870,85.77,91.4,109.73
1869,85.67,91.35,109.75
1868,85.68,91.41,109.66
1867,85.74,91.38,109.78
1866,85.71,91.36,109.81
1865,85.64,91.41,109.8
1864,85.7,91.41,109.86
1863,85.72,91.42,109.84
1862,85.75,91.41,109.8
1861,85.75,91.45,109.84
1860,85.74,91.46,109.83
1859,85.73,91.42,109.89
1858,85.72,91.4,109.84
1857,85.72,91.41,109.89
1856,85.72,91.36,109.83
1855,85.77,91.43,109.92
1854,85.79,91.47,109.88
1853,85.77,91.45,109.86
1852,85.76,91.48,109.89
1851,85.75,91.42,109.87
1850,85.77,91.43,109.91
1849,85.75,91.45,109.91
1848,85.76,91.44,109.93
1847,85.76,91.44,109.87
1846,85.8,91.41,109.82
1845,85.8,91.45,109.81
1844,85.69,91.43,109.98
1843,85.81,91.48,109.78
1842,85.79,91.47,109.9
1841,85.77,91.46,109.94
1840,85.76,91.46,109.94
1839,85.79,91.45,109.92
1838,85.75,91.46,109.98
1837,85.81,91.47,109.95
1836,85.81,91.45,109.9
1835,85.81,91.46,109.97
1834,85.75,91.43,109.98
1833,85.81,91.5,109.94
1832,85.81,91.49,109.92
1831,85.83,91.43,109.92
1830,85.75,91.45,109.91
1829,85.78,91.5,109.85
1828,85.78,91.48,109.95
1827,85.79,91.46,109.96
1826,85.91,91.52,109.97
1825,85.76,91.49,109.93
1824,85.78,91.46,109.91
1823,85.79,91.48,110
1822,85.81,91.5,110.02
1821,85.84,91.46,110.02
1820,85.85,91.49,110.04
1819,85.84,91.51,110
1818,85.8,91.51,110.03
1817,85.81,91.5,109.99
1816,85.85,91.53,110.05
1815,85.8,91.47,110.08
1814,85.81,91.49,110.1
1813,85.86,91.51,110.05
1812,85.85,91.47,110.03
1811,85.84,91.51,110.06
1810,85.79,91.48,110.03
1809,85.83,91.47,110.08
1808,85.8,91.48,110.11
1807,85.82,91.5,110.07
1806,85.83,91.49,110.06
1805,85.81,91.46,110.1
1804,85.8,91.46,110.08
1803,85.85,91.52,110.08
1802,85.85,91.5,110.07
1801,85.86,91.5,110.02
1800,85.83,91.53,110.01
1799,85.81,91.5,110.05
1798,85.81,91.48,110.06
1797,85.85,91.49,110.02
1796,85.85,91.49,109.95
1795,85.85,91.46,109.85
1794,85.88,91.49,109.71
1793,85.78,91.55,109.41
1792,85.87,91.51,109.04
1791,85.82,91.47,108.42
1790,85.83,91.47,107.72
1789,85.84,91.54,107.47
1788,85.88,91.54,107.93
1787,85.84,91.48,108.58
1786,85.87,91.5,109
1785,85.83,91.5,109.38
1784,85.85,91.49,109.56
1783,85.85,91.49,109.75
1782,85.87,91.5,109.89
1781,85.88,91.56,109.91
1780,85.84,91.52,109.91
1779,85.83,91.52,110.04
1778,85.89,91.52,110.07
1777,85.86,91.5,110.09
1776,85.86,91.52,110.11
1775,85.84,91.5,110.06
1774,85.89,91.49,110.07
1773,85.82,91.55,110.06
1772,85.93,91.54,109.97
1771,85.82,91.51,110.04
1770,85.87,91.48,110.09
1769,85.83,91.44,110.15
1768,85.82,91.48,110.17
1767,85.86,91.49,110.09
1766,85.85,91.46,110.21
1765,85.83,91.45,110.23
1764,85.82,91.46,110.22
1763,85.89,91.44,110.21
1762,85.85,91.51,110.11
1761,85.83,91.46,110.1
1760,85.82,91.43,110.18
1759,85.78,91.45,110.23
1758,85.79,91.43,110.22
1757,85.8,91.43,110.23
1756,85.78,91.4,110.16
1755,85.76,91.38,110.23
1754,85.74,91.35,110.28
1753,85.79,91.34,110.26
1752,85.81,91.34,110.26
1751,85.73,91.33,110.2
1750,85.81,91.28,110.16
1749,85.67,91.26,110.19
1748,85.73,91.19,110.19
1747,85.71,91.1,110.21
1746,85.73,91.06,110.25
1745,85.71,91,110.29
1744,85.68,90.92,110.34
1743,85.71,90.86,110.28
1742,85.67,90.79,110.26
1741,85.68,90.76,110.26
1740,85.69,90.89,110.23
1739,85.62,90.85,110.23
1738,85.63,90.86,110.31
1737,85.68,90.98,110.33
1736,85.66,90.99,110.32
1735,85.62,91.1,110.25
1734,85.59,91.13,110.08
1733,85.6,91.12,110.24
1732,85.63,91.16,110.28
1731,85.6,91.15,110.43
1730,85.54,91.2,110.32
1729,85.53,91.19,110.3
1728,85.53,91.17,110.44
1727,85.54,91.18,110.45
1726,85.52,91.19,110.41
1725,85.48,91.19,110.46
1724,85.44,91.18,110.47
1723,85.41,91.16,110.46
1722,85.46,91.11,110.49
1721,85.41,91.1,110.48
1720,85.39,91.08,110.46
1719,85.41,91.11,110.41
1718,85.4,91.09,110.17
1717,85.38,90.98,110.45
1716,85.44,90.95,110.3
1715,85.32,90.96,110.48
1714,85.4,90.96,110.41
1713,85.39,90.95,110.52
1712,85.4,90.95,110.56
1711,85.44,90.95,110.62
1710,85.39,90.97,110.61
1709,85.45,90.99,110.57
1708,85.46,91.01,110.64
1707,85.47,91.09,110.57
1706,85.49,91.06,110.52
1705,85.48,91.08,110.49
1704,85.48,91.11,110.56
1703,85.53,91.11,110.6
1702,85.56,91.1,110.61
1701,85.66,91.5,111.02
1700,85.53,91.12,110.35
1699,85.49,91.09,110.44
1698,85.5,91.09,110.65
1697,85.56,91.1,110.56
1696,85.43,91.06,110.61
1695,85.47,91.06,110.56
1694,85.49,91.02,110.68
1693,85.49,91.04,110.78
1692,85.51,91.05,110.83
1691,85.49,91.04,110.83
1690,85.49,91.05,110.77
1689,85.5,91.02,110.84
1688,85.47,91.04,110.78
1687,85.5,90.99,110.83
1686,85.51,90.98,110.81
1685,85.52,91.01,111.01
1684,85.5,91.03,110.39
1683,85.47,90.99,110.62
1682,85.43,90.96,110.76
1681,85.44,91.01,110.89
1680,85.38,90.99,110.88
1679,85.42,90.97,110.86
1678,85.39,90.95,110.95
1677,85.39,90.94,110.98
1676,85.35,90.91,110.98
1675,85.33,90.92,110.94
1674,85.36,90.91,110.87
1673,85.34,90.91,110.98
1672,85.34,90.91,111.01
1671,85.31,90.92,110.91
1670,85.33,90.85,111
1669,85.33,90.93,110.98
1668,85.34,90.89,110.89
1667,85.33,90.88,111.03
1666,85.3,90.87,111.09
1665,85.34,90.88,111.09
1664,85.38,90.85,111.05
1663,85.33,90.83,111.02
1662,85.34,90.86,110.98
1661,85.3,90.79,111.05
1660,85.32,90.78,111.1
1659,85.31,90.79,111.14
1658,85.32,90.78,111.12
1657,85.35,90.77,111.11
1656,85.33,90.75,111.11
1655,85.36,90.71,111.14
1654,85.35,90.84,110.8
1653,85.4,90.86,110.78
1652,85.28,90.69,110.94
1651,85.28,90.67,110.96
1650,85.3,90.64,111.1
1649,85.31,90.63,111.16
1648,85.33,90.68,111.07
1647,85.29,90.61,110.88
1646,85.2,90.57,110.98
1645,85.22,90.56,111.01
1644,85.21,90.53,111.14
1643,85.22,90.52,111.18
1642,85.21,90.52,111.22
1641,85.18,90.48,111.22
1640,85.16,90.46,111.19
1639,85.15,90.44,111.22
1638,85.19,90.43,111.23
1637,85.14,90.43,111.06
1636,85.08,90.32,111.19
1635,85.04,90.48,111.01
1634,85.03,90.4,111.05
1633,85,90.38,111.23
1632,84.96,90.37,111.24
1631,84.94,90.41,111.23
1630,84.89,90.4,111.26
1629,84.88,90.38,111.28
1628,84.85,90.41,111.24
1627,84.83,90.46,111.17
1626,84.81,90.47,111.25
1625,84.78,90.43,111.26
1624,84.76,90.46,111.2
1623,84.78,90.54,111.15
1622,84.75,90.48,111.14
1621,84.81,90.54,111.25
1620,84.82,90.55,111.27
1619,84.92,90.6,111.28
1618,84.99,90.62,111.21
1617,85,90.62,111.13
1616,85.04,90.68,111.14
1615,85.13,90.69,111.17
1614,85.15,90.71,111.28
1613,85.19,90.73,111.28
1612,85.24,90.78,111.27
1611,85.3,90.79,111.27
1610,85.29,90.82,111.27
1609,85.35,90.83,111.19
1608,85.38,90.83,111.25
1607,85.4,90.87,111.25
1606,85.39,90.87,111.23
1605,85.43,90.89,111.23
1604,85.48,90.94,111.3
1603,85.5,90.95,111.22
1602,85.52,90.96,111.24
1601,85.52,90.96,111.2
1600,85.57,91.01,111.22
1599,85.54,90.97,111.2
1598,85.57,91.01,111.23
1597,85.54,91,111.26
1596,85.59,91.03,111.23
1595,85.63,91.04,111.21
1594,85.66,91.09,111.22
1593,85.65,91.08,111.25
1592,85.64,91.04,111.23
1591,85.72,91.09,111.24
1590,85.69,91.09,111.23
1589,85.66,91.11,111.21
1588,85.69,91.08,111.22
1587,85.71,91.1,111.24
1586,85.72,91.11,111.25
1585,85.71,91.11,111.22
1584,85.71,91.08,111.27
1583,85.77,91.1,111.26
1582,85.78,91.09,111.27
1581,85.77,91.09,111.3
1580,85.82,91.17,111.26
1579,85.83,91.11,111.27
1578,85.86,91.09,111.24
1577,85.81,91.11,111.18
1576,85.84,91.15,111.29
1575,85.83,91.17,111.04
1574,85.84,91.17,111.21
1573,85.89,91.2,111.27
1572,85.85,91.21,111.23
1571,85.86,91.18,111.19
1570,85.78,91.11,111.22
1569,85.92,91.33,111.05
1568,85.9,91.28,111.11
1567,85.86,91.26,111.22
1566,85.84,91.23,111.22
1565,85.9,91.31,111.21
1564,85.94,91.34,111.11
1563,85.94,91.35,111.22
1562,85.91,91.33,111.21
1561,85.88,91.34,111.07
1560,85.98,91.36,111.07
1559,86.05,91.27,110.52
1558,85.95,91.39,110.61
1557,85.98,91.43,110.96
1556,85.98,91.4,111.09
1555,85.89,91.36,111.14
1554,86,91.45,111.13
1553,85.98,91.42,111.11
1552,85.96,91.46,111.23
1551,85.96,91.45,111.23
1550,86,91.49,111.15
1549,85.99,91.5,111.1
1548,85.99,91.48,111.23
1547,86.01,91.46,111.24
1546,85.96,91.46,111.19
1545,86.03,91.56,111.1
1544,86.04,91.51,111.05
1543,86.05,91.54,110.98
1542,86.1,91.55,111.05
1541,85.98,91.47,110.85
1540,86.01,91.43,110.92
1539,86.2,91.53,110.93
1538,86.09,91.62,110.99
1537,86.02,91.57,111.16
1536,86.08,91.62,111.2
1535,86.08,91.63,111.11
1534,86.1,91.58,111.1
1533,86.14,91.73,110.96
1532,86.1,91.66,111.1
1531,86.06,91.67,111.13
1530,86.09,91.67,111.2
1529,86.12,91.67,111.22
1528,86.12,91.73,111.09
1527,86.12,91.73,111.06
1526,86.11,91.71,111.08
1525,86.16,91.78,111.07
1524,86.13,91.7,111.05
1523,86.13,91.71,111.09
1522,86.09,91.75,110.8
1521,86.12,91.72,110.95
1520,86.2,91.82,110.92
1519,86.18,91.76,111.04
1518,86.13,91.72,111.15
1517,86.15,91.89,110.94
1516,86.16,91.81,110.94
1515,86.17,91.78,111.07
1514,86.16,91.77,111.09
1513,86.14,91.73,111.1
1512,86.17,91.83,111.04
1511,86.16,91.77,111.06
1510,86.18,91.81,111.06
1509,86.22,91.83,110.93
1508,86.19,91.84,110.81
1507,86.19,91.79,110.75
1506,86.17,91.81,110.47
1505,86.22,91.85,110.93
1504,86.18,91.83,111.02
1503,86.14,91.76,111.07
1502,86.17,91.8,111.05
1501,86.2,91.81,111.02
1500,86.17,91.76,111.01
1499,86.2,91.81,110.96
1498,86.21,91.83,110.9
1497,86.1,91.76,110.95
1496,86.19,91.81,110.97
1495,86.21,91.82,110.85
1494,86.17,91.81,111.01
1493,86.17,91.8,110.98
1492,86.16,91.79,110.94
1491,86.12,91.73,110.85
1490,86.2,91.81,110.71
1489,86.22,91.81,110.74
1488,86.14,91.71,110.81
1487,86.09,91.7,110.82
1486,86.1,91.67,110.85
1485,86.08,91.64,110.91
1484,86.05,91.57,110.91
1483,85.98,91.48,110.92
1482,85.94,91.41,110.96
1481,85.92,91.37,110.88
1480,85.84,91.2,110.89
1479,85.77,91.08,110.93
1478,85.63,90.9,110.92
1477,85.42,90.64,110.95
1476,85.26,90.43,110.78
1475,84.86,89.92,110.8
1474,84.4,89.32,110.82
1473,83.58,88.42,110.6
1472,82.12,86.75,110.61
1471,80.43,84.91,110.66
1470,78.51,82.76,110.73
1469,76.75,80.92,110.68
1468,75.58,79.68,110.56
1467,75.08,79.1,110.41
1466,74.99,79.02,110.19
1465,75.32,79.15,109.74
1464,75.14,79.09,109.39
1463,75.24,79.22,109.23
1462,75.26,79.19,108.95
1461,75.33,79.23,108.66
1460,75.36,79.27,108.42
1459,75.32,79.24,108.06
1458,75.15,79.07,107.64
1457,75.59,79.43,107.26
1456,75.33,79.31,107.23
1455,75.97,79.93,107.2
1454,76.53,80.6,107.11
1453,77.03,81.15,106.98
1452,77.64,81.75,106.79
1451,78.07,82.19,106.6
1450,78.45,82.61,106.48
1449,78.75,82.93,106.33
1448,79.16,83.31,106.24
1447,79.29,83.48,106.28
1446,79.54,83.75,106.47
1445,79.76,83.98,106.57
1444,79.92,84.15,106.47
1443,80.12,84.38,106.37
1442,80.32,84.57,106.27
1441,80.53,84.78,106.14
1440,80.74,84.97,106.05
1439,80.95,85.14,105.95
1438,81.12,85.31,105.81
1437,81.57,85.67,105.52
1436,81.69,85.77,105.51
1435,81.94,85.94,105.58
1434,82.17,86.15,105.54
1433,82.46,86.39,105.46
1432,82.68,86.46,105.41
1431,82.84,86.54,105.33
1430,83.09,86.64,105.25
1429,83.21,86.59,105.17
1428,83.27,86.51,105.18
1427,83.31,86.33,105.1
1426,83.38,86.13,105.06
1425,83.37,85.89,104.99
1424,83.4,85.63,104.89
1423,83.27,85.26,104.81
1422,83.18,84.92,104.8
1421,83.1,84.59,104.74
1420,83.1,84.5,104.54
1419,82.95,83.94,104.43
1418,82.83,83.77,104.44
1417,82.74,83.57,104.43
1416,82.76,83.46,104.41
1415,82.75,83.35,104.36
1414,82.73,83.31,104.32
1413,82.72,83.24,104.26
1412,82.77,83.27,104.21
1411,82.81,83.27,104.12
1410,82.87,83.36,104.04
1409,82.92,83.46,104
1408,82.97,83.62,103.9
1407,83.03,83.78,103.82
1406,83.12,83.95,103.77
1405,83.22,84.15,103.59
1404,83.24,84.3,103.59
1403,83.34,84.49,103.55
1402,83.41,84.62,103.48
1401,83.49,84.71,103.39
1400,83.51,84.83,103.26
1399,83.66,84.94,103.06
1398,83.69,84.95,102.97
1397,83.75,85,102.89
1396,83.84,85.02,102.81
1395,83.91,84.99,102.59
1394,83.99,84.89,102.54
1393,84,84.74,102.49
1392,84.09,84.64,102.39
1391,84.15,84.47,102.29
1390,84.18,84.2,102.17
1389,84.23,83.95,102.04
1388,84.21,83.66,101.88
1387,84.28,83.2,101.74
1386,84.19,82.73,101.65
1385,84.09,82.21,101.56
1384,83.93,81.61,101.46
1383,83.63,80.83,101.35
1382,83.22,80,101.24
1381,82.62,79.01,101.11
1380,82.01,78.04,101
1379,81.46,77.15,100.83
1378,81.3,76.58,100.74
1377,81.46,76.19,100.62
1376,81.81,75.98,100.49
1375,82.33,75.85,100.33
1374,82.75,75.65,100.18
1373,82.99,75.27,100.04
1372,83.15,74.96,99.95
1371,83.33,74.64,99.82
1370,83.45,74.24,99.64
1369,83.52,73.81,99.5
1368,83.63,73.28,99.26
1367,83.71,72.76,99.13
1366,83.79,72.22,98.91
1365,83.92,71.7,98.75
1364,83.99,71.29,98.46
1363,84.09,70.5,98.23
1362,84.13,69.94,98.06
1361,84.24,69.36,97.87
1360,84.22,68.74,97.67
1359,84.24,68.21,97.44
1358,84.27,67.65,97.15
1357,84.25,67.11,96.84
1356,84.26,66.65,96.56
1355,84.25,66.18,96.19
1354,84.21,65.68,95.81
1353,84.18,65.29,95.43
1352,84.21,64.92,95.11
1351,84.25,64.56,94.86
1350,84.28,64.23,94.68
1349,84.32,63.93,94.56
1348,84.39,63.62,94.42
1347,84.47,63.34,94.31
1346,84.54,63.04,94.23
1345,84.54,62.73,94.19
1344,84.53,62.43,94.15
1343,84.5,62.11,94.08
1342,84.52,61.81,94.07
1341,84.57,61.61,93.98
1340,84.67,61.26,94.03
1339,84.78,61.1,94.03
1338,84.91,60.91,94.06
1337,84.98,60.95,94.08
1336,85.08,60.9,94.16
1335,85.14,61.08,94.2
1334,85.15,61.28,94.19
1333,85.14,61.58,94.21
1332,85.16,62.01,94.24
1331,85.14,62.49,94.27
1330,85.13,63.01,94.24
1329,85.1,63.52,94.31
1328,85.09,64.04,94.36
1327,85.09,64.57,94.35
1326,85.07,65.08,94.38
1325,85.07,65.6,94.44
1324,85.08,66.14,94.46
1323,85.07,66.68,94.53
1322,85.08,67.24,94.56
1321,85.06,67.81,94.58
1320,85.06,68.32,94.63
1319,85.05,68.88,94.68
1318,85.03,69.36,94.77
1317,85,69.86,94.8
1316,85,70.35,94.86
1315,84.97,70.85,94.89
1314,84.96,71.33,94.95
1313,84.94,71.85,95
1312,84.96,72.32,95.03
1311,84.91,72.82,95.13
1310,84.94,73.32,95.2
1309,84.93,73.8,95.21
1308,84.92,74.28,95.27
1307,84.88,74.72,95.33
1306,84.89,75.17,95.38
1305,84.87,75.6,95.43
1304,84.83,76.02,95.5
1303,84.83,76.43,95.57
1302,84.85,76.86,95.6
1301,84.82,77.2,95.66
1300,84.83,77.58,95.68
1299,84.84,77.93,95.71
1298,84.85,78.27,95.81
1297,84.91,78.59,95.82
1296,84.93,78.91,95.86
1295,84.96,79.26,95.96
1294,85.01,79.6,96.01
1293,85.05,79.98,96.05
1292,85.1,80.32,96.06
1291,85.17,80.71,96.13
1290,85.21,81.07,96.17
1289,85.23,81.4,96.21
1288,85.27,81.69,96.22
1287,85.26,81.94,96.29
1286,85.24,82.15,96.36
1285,85.2,82.32,96.37
1284,85.18,82.48,96.43
1283,85.17,82.57,96.48
1282,85.15,82.67,96.53
1281,85.12,82.75,96.55
1280,85.06,82.81,96.57
1279,85.07,82.91,96.65
1278,85,82.92,96.67
1277,85.11,83.09,96.73
1276,85.06,83.16,96.76
1275,85.05,83.19,96.79
1274,85.14,83.37,96.87
1273,85.16,83.46,96.89
1272,85.17,83.51,96.93
1271,85.17,83.62,96.98
1270,85.19,83.69,96.99
1269,85.23,83.8,97.05
1268,85.21,83.93,97.04
1267,85.26,84.08,97.13
1266,85.32,84.28,97.17
1265,85.34,84.43,97.2
1264,85.39,84.6,97.23
1263,85.41,84.76,97.28
1262,85.47,84.99,97.32
1261,85.55,85.23,97.36
1260,85.61,85.49,97.4
1259,85.65,85.71,97.49
1258,85.71,85.93,97.5
1257,85.79,86.1,97.57
1256,85.78,86.28,97.65
1255,85.75,86.43,97.68
1254,85.7,86.49,97.71
1253,85.67,86.57,97.75
1252,85.62,86.59,97.8
1251,85.48,86.52,97.86
1250,85.38,86.51,97.91
1249,85.3,86.48,97.94
1248,85.24,86.42,97.95
1247,85.14,86.35,98.06
1246,85.11,86.35,98.08
1245,85.03,86.29,98.12
1244,85.03,86.32,98.17
1243,85.02,86.3,98.21
1242,85.05,86.34,98.27
1241,85.09,86.42,98.3
1240,85.09,86.45,98.33
1239,85.14,86.51,98.39
1238,85.17,86.58,98.43
1237,85.23,86.64,98.51
1236,85.25,86.71,98.52
1235,85.25,86.75,98.59
1234,85.27,86.79,98.6
1233,85.29,86.82,98.68
1232,85.35,86.88,98.71
1231,85.38,86.92,98.71
1230,85.35,86.96,98.77
1229,85.4,87,98.84
1228,85.42,87.04,98.9
1227,85.48,87.14,98.94
1226,85.51,87.18,98.97
1225,85.52,87.22,99.04
1224,85.59,87.27,99.09
1223,85.65,87.37,99.17
1222,85.72,87.48,99.17
1221,85.79,87.59,99.22
1220,85.84,87.63,99.29
1219,85.87,87.7,99.32
1218,85.89,87.8,99.36
1217,85.97,87.92,99.43
1216,86.05,88.05,99.52
1215,86.07,88.14,99.53
1214,86.06,88.23,99.54
1213,86.09,88.27,99.63
1212,86.09,88.31,99.69
1211,86.04,88.29,99.7
1210,86.01,88.27,99.77
1209,85.91,88.21,99.81
1208,85.87,88.21,99.86
1207,85.83,88.16,99.93
1206,85.79,88.08,99.96
1205,85.75,88.06,100.03
1204,85.7,88.03,100.04
1203,85.73,88.08,100.09
1202,85.74,88.07,100.14
1201,85.73,88.07,100.19
1200,85.76,88.14,100.23
1199,85.78,88.18,100.3
1198,85.85,88.24,100.32
1197,85.88,88.29,100.38
1196,85.87,88.3,100.44
1195,85.95,88.44,100.45
1194,85.99,88.55,100.51
1193,86.03,88.56,100.59
1192,86.07,88.65,100.6
1191,86.14,88.73,100.64
1190,86.19,88.82,100.72
1189,86.22,88.88,100.76
1188,86.26,88.98,100.8
1187,86.29,89.01,100.84
1186,86.35,89.09,100.92
1185,86.36,89.12,100.92
1184,86.41,89.18,100.97
1183,86.41,89.21,101
1182,86.45,89.27,101.04
1181,86.51,89.32,101.1
1180,86.56,89.36,101.13
1179,86.56,89.37,101.18
1178,86.55,89.38,101.23
1177,86.53,89.37,101.23
1176,86.59,89.36,101.31
1175,86.59,89.41,101.35
1174,86.57,89.41,101.39
1173,86.54,89.36,101.44
1172,86.49,89.33,101.53
1171,86.43,89.31,101.56
1170,86.51,89.33,101.61
1169,86.44,89.26,101.62
1168,86.5,89.35,101.7
1167,86.56,89.33,101.76
1166,86.59,89.38,101.81
1165,86.58,89.44,101.86
1164,86.58,89.4,101.9
1163,86.67,89.47,101.91
1162,86.71,89.49,102.03
1161,86.72,89.49,102.02
1160,86.69,89.54,102.09
1159,86.77,89.58,102.14
1158,86.81,89.58,102.17
1157,86.87,89.63,102.21
1156,86.89,89.71,102.3
1155,86.98,89.78,102.31
1154,86.95,89.79,102.37
1153,87.08,89.88,102.48
1152,87.14,89.91,102.47
1151,87.13,89.98,102.54
1150,87.16,90.04,102.61
1149,87.2,90.11,102.64
1148,87.29,90.18,102.7
1147,87.4,90.28,102.75
1146,87.43,90.32,102.82
1145,87.43,90.39,102.86
1144,87.41,90.36,102.85
1143,87.65,90.58,102.97
1142,87.63,90.57,103.05
1141,87.62,90.58,103.03
1140,87.68,90.67,103.08
1139,87.67,90.64,103.12
1138,87.73,90.72,103.17
1137,87.79,90.73,103.21
1136,87.71,90.7,103.25
1135,87.74,90.69,103.28
1134,87.74,90.74,103.4
1133,87.75,90.73,103.43
1132,87.75,90.71,103.47
1131,87.67,90.63,103.49
1130,87.69,90.68,103.51
1129,87.66,90.59,103.58
1128,87.59,90.56,103.62
1127,87.5,90.43,103.67
1126,87.42,90.36,103.72
1125,87.24,90.14,103.78
1124,87.01,89.91,103.75
1123,86.84,89.65,103.87
1122,86.6,89.39,103.86
1121,86.32,89.12,103.91
1120,86.14,88.82,103.91
1119,85.94,88.67,104
1118,85.84,88.56,104.05
1117,85.82,88.48,104.15
1116,85.79,88.48,104.09
1115,85.75,88.49,104.16
1114,85.76,88.57,104.14
1113,85.89,88.63,104.24
1112,85.93,88.72,104.3
1111,85.97,88.75,104.33
1110,85.94,88.82,104.35
1109,85.96,88.84,104.43
1108,85.89,88.83,104.46
1107,85.97,88.79,104.47
1106,85.96,88.83,104.56
1105,85.82,88.7,104.59
1104,85.9,88.74,104.6
1103,85.88,88.7,104.69
1102,85.87,88.68,104.7
1101,85.95,88.72,104.74
1100,85.99,88.78,104.79
1099,86.1,88.85,104.76
1098,86.2,88.91,104.8
1097,86.29,88.99,104.85
1096,86.28,89.01,104.93
1095,86.32,89.08,104.96
1094,86.46,89.1,105.04
1093,86.51,89.19,105.05
1092,86.51,89.27,105.04
1091,86.57,89.35,105.12
1090,86.64,89.37,105.16
1089,86.72,89.4,105.21
1088,86.73,89.43,105.24
1087,86.75,89.42,105.22
1086,86.73,89.51,105.3
1085,86.76,89.47,105.32
1084,86.78,89.45,105.29
1083,86.88,89.58,105.39
1082,86.87,89.65,105.47
1081,86.79,89.52,105.47
1080,86.9,89.63,105.53
1079,86.94,89.67,105.52
1078,87,89.65,105.58
1077,86.89,89.61,105.59
1076,86.91,89.64,105.65
1075,86.98,89.73,105.66
1074,87.08,89.75,105.71
1073,87.09,89.78,105.76
1072,87.06,89.84,105.77
1071,87.16,89.86,105.8
1070,87.19,89.91,105.86
1069,87.13,89.8,105.88
1068,87.15,89.83,105.95
1067,87.11,89.83,105.94
1066,87.15,89.87,106.04
1065,87.15,89.88,106.05
1064,87.11,89.82,106.08
1063,87.16,89.85,106.13
1062,87.09,89.77,106.16
1061,86.99,89.65,106.17
1060,87.08,89.78,106.19
1059,87.22,89.84,106.22
1058,87.11,89.66,106.32
1057,87.18,89.87,106.32
1056,87.23,89.92,106.38
1055,87.32,90.01,106.41
1054,87.37,89.98,106.46
1053,87.4,89.97,106.46
1052,87.35,89.99,106.46
1051,87.3,89.9,106.58
1050,87.28,89.93,106.56
1049,87.33,89.89,106.58
1048,87.15,89.68,106.57
1047,87.01,89.51,106.6
1046,86.92,89.38,106.63
1045,86.89,89.3,106.71
1044,86.74,89.07,106.76
1043,86.6,88.79,106.8
1042,86.63,88.61,106.78
1041,86.6,88.43,106.82
1040,86.52,88.1,106.86
1039,86.55,87.99,106.9
1038,86.41,87.94,106.88
1037,86.34,88.07,106.94
1036,86.35,88.32,106.95
1035,86.32,88.37,107.01
1034,86.37,88.44,107.09
1033,86.29,88.52,107.01
1032,86.42,88.7,107.07
1031,86.4,88.69,107.08
1030,86.43,88.75,107.08
1029,86.49,88.83,107.18
1028,86.55,88.92,107.22
1027,86.54,88.96,107.19
1026,86.57,88.98,107.26
1025,86.54,89,107.25
1024,86.62,89.03,107.28
1023,86.65,89.06,107.28
1022,86.69,89.11,107.29
1021,86.63,89.05,107.32
1020,86.62,89.07,107.39
1019,86.67,89.11,107.34
1018,86.62,89.02,107.37
1017,86.65,89.06,107.44
1016,86.55,89,107.4
1015,86.66,89.07,107.43
1014,86.65,89,107.48
1013,86.63,89.04,107.47
1012,86.63,89.05,107.53
1011,86.57,89.02,107.52
1010,86.63,89.07,107.5
1009,86.74,89.12,107.48
1008,86.72,89.1,107.5
1007,86.78,89.23,107.57
1006,86.85,89.33,107.54
1005,86.88,89.36,107.57
1004,86.91,89.42,107.62
1003,87.14,89.56,107.61
1002,87.17,89.67,107.66
1001,87.22,89.76,107.59
1000,87.34,89.91,107.64
999,87.52,90.06,107.64
998,87.57,90.1,107.67
997,87.6,90.14,107.66
996,87.64,90.27,107.66
995,87.7,90.33,107.7
994,87.82,90.39,107.68
993,87.92,90.45,107.76
992,87.98,90.59,107.77
991,87.93,90.68,107.81
990,88.13,90.78,107.76
989,88.11,90.76,107.85
988,88.25,90.89,107.8
987,88.19,90.89,107.81
986,88.19,90.93,107.86
985,88.36,91.03,107.86
984,88.43,91.12,107.83
983,88.49,91.09,107.87
982,88.57,91.28,107.88
981,88.58,91.32,107.89
980,88.54,91.23,107.84
979,88.6,91.27,107.92
978,88.68,91.38,107.88
977,88.69,91.41,107.93
976,88.67,91.42,107.95
975,88.72,91.45,107.91
974,88.8,91.46,107.94
973,88.91,91.67,107.97
972,88.79,91.55,108.01
971,88.81,91.61,107.96
970,88.84,91.62,107.95
969,88.91,91.62,108.03
968,88.86,91.57,108.08
967,88.88,91.68,108.03
966,88.89,91.74,108.06
965,88.92,91.62,108.15
964,89,91.62,108.11
963,88.94,91.63,108.12
962,88.9,91.67,108.13
961,88.87,91.76,108.16
960,89.01,91.76,108.18
959,89.02,91.69,108.2
958,88.99,91.74,108.15
957,89,91.81,108.17
956,88.8,91.57,108.21
955,88.82,91.56,108.19
954,88.97,91.68,108.29
953,88.8,91.56,108.22
952,88.82,91.61,108.28
951,88.82,91.67,108.26
950,88.75,91.48,108.3
949,88.69,91.37,108.33
948,88.76,91.48,108.35
947,88.53,91.28,108.45
946,88.57,91.34,108.41
945,88.62,91.32,108.44
944,88.57,91.19,108.44
943,88.65,91.36,108.49
942,88.54,91.33,108.45
941,88.42,91.17,108.56
940,88.48,91.17,108.55
939,88.7,91.31,108.55
938,88.61,91.26,108.61
937,88.41,91.14,108.52
936,88.65,91.33,108.54
935,88.69,91.37,108.58
934,88.75,91.34,108.59
933,88.76,91.4,108.53
932,88.63,91.36,108.63
931,88.72,91.48,108.62
930,88.87,91.47,108.59
929,89.12,91.7,108.66
928,88.86,91.48,108.66
927,88.99,91.71,108.69
926,89.02,91.72,108.72
925,89.09,91.68,108.68
924,89.13,91.68,108.66
923,89.01,91.77,108.71
922,88.98,91.72,108.7
921,88.99,91.64,108.76
920,89.38,91.84,108.77
919,89.39,91.97,108.75
918,89.14,91.95,108.85
917,89.36,92.06,108.78
916,89.22,91.82,108.9
915,89.66,92.07,109.07
914,89.45,92,108.96
913,89.07,91.86,108.87
912,89.45,92.21,109.07
911,89.45,91.98,108.93
910,89.62,92.14,108.82
909,89.36,91.95,109.09
908,89.14,91.89,109.35
907,89.22,91.79,109.12
906,89.35,91.88,109.16
905,89.34,91.83,109.19
904,89.56,92.17,109.09
903,89.39,92.03,109.13
902,89.08,91.7,109.22
901,89.17,91.7,109.19
900,89.38,91.79,109.15
899,88.8,91.37,109.18
898,89.58,92.23,109.18
897,89.3,91.79,109.22
896,89.08,91.45,109.31
895,89.14,91.63,109.21
894,89.04,91.5,109.27
893,89.31,91.84,109.29
892,89.21,91.72,109.34
891,89.3,91.71,109.31
890,89.11,91.54,109.32
889,89.42,91.98,109.35
888,89.17,91.65,109.47
887,89.16,91.68,109.35
886,89.06,91.47,109.33
885,89.41,91.77,109.42
884,89.39,91.9,109.44
883,89.29,91.73,109.56
882,88.65,91.05,109.49
881,88.86,91.26,109.5
880,89.08,91.4,109.47
879,89.11,91.52,109.51
878,88.92,91.27,109.56
877,89.1,91.3,109.65
876,88.4,90.6,109.59
875,88.51,90.87,109.58
874,88.85,91.35,109.55
873,88.78,91.19,109.6
872,88.91,91.28,109.67
871,89.18,91.43,109.67
870,88.89,91.22,109.71
869,88.81,91.24,109.74
868,89.08,91.44,109.71
867,88.79,91.12,109.82
866,88.75,91.01,109.8
865,88.81,91.14,109.79
864,88.83,91.23,109.8
863,88.34,90.71,109.86
862,88.37,90.73,109.85
861,88.75,90.98,109.83
860,88.5,90.74,109.94
859,88.31,90.62,109.91
858,88.12,90.4,109.77
857,88.15,90.27,109.82
856,88.14,90.23,109.97
855,87.92,90.06,110.05
854,88.17,90.34,110.06
853,88.12,90.33,109.99
852,87.81,89.88,110.07
851,87.8,89.83,110.11
850,88.2,90.28,110.05
849,88.02,90.07,110.21
848,87.96,90,110.11
847,88.04,89.94,110.06
846,88.02,89.99,110.19
845,88.14,90.09,110.21
844,88.14,90.12,110.13
843,87.94,89.93,110.02
842,88.06,90.1,109.88
841,88.46,90.35,109.62
840,88.35,90.37,108.95
839,88.25,90.17,107.12
838,88.28,90.11,104.65
837,88.29,89.99,102.15
836,88.47,90.02,99.98
835,88.55,89.88,98.6
834,88.7,89.82,98.13
833,88.36,88.94,98.52
832,88.49,88.21,99.41
831,88.46,87.3,100.74
830,88.33,86.63,102.49
829,88.56,87.56,104.09
828,88.5,88.77,105.33
827,88.33,89.23,106.17
826,88.48,89.7,107.01
825,88.1,89.63,107.52
824,88.2,89.85,108.1
823,88.28,90.1,108.42
822,88.15,89.91,108.63
821,88.35,90.11,108.76
820,88.1,89.92,109
819,87.86,89.78,109.14
818,88.05,90.02,109.28
817,88.48,90.3,109.42
816,87.87,89.67,109.47
815,87.98,89.8,109.36
814,88.01,89.96,109.23
813,87.7,89.69,109.47
812,88.13,89.99,109.62
811,88.22,90.07,109.66
810,88.1,89.97,109.88
809,88.27,90.17,109.83
808,87.8,89.84,109.85
807,88.31,90.14,109.87
806,88.41,90.2,110.09
805,88.22,90.04,110.02
804,88.3,90.22,109.97
803,88.57,90.5,110.12
802,88.49,90.38,110.15
801,88.66,90.48,110.12
800,88.47,90.37,110.24
799,88.68,90.63,110.16
798,88.68,90.68,110.22
797,88.73,90.57,110.27
796,88.82,90.7,110.26
795,88.97,90.87,110.3
794,88.9,90.8,110.42
793,88.9,90.89,110.29
792,89.17,91.09,110.33
791,88.92,90.89,110.44
790,89.02,90.89,110.35
789,89.03,90.98,110.31
788,89.2,91.06,110.45
787,89.09,90.92,110.43
786,89.27,91.14,110.45
785,89.24,91.13,110.38
784,89.12,90.91,110.56
783,89.13,90.92,110.48
782,89.13,91.02,110.49
781,88.95,90.75,110.56
780,89.25,90.94,110.61
779,89.15,90.95,110.64
778,89.04,90.86,110.58
777,89.1,90.9,110.58
776,89.24,90.96,110.69
775,89.15,90.86,110.72
774,89.25,90.93,110.59
773,89.05,90.76,110.69
772,89.04,90.76,110.67
771,89.23,90.87,110.75
770,89.18,90.83,110.78
769,89.32,91.01,110.81
768,89.38,91.07,110.77
767,89.17,90.73,110.76
766,89.17,90.85,110.84
765,89.25,90.87,110.77
764,88.99,90.71,110.82
763,89.55,91.25,110.87
762,89.94,91.56,110.91
761,89.79,91.36,111
760,89.61,91.25,110.99
759,89.5,91.24,111.03
758,89.52,91.18,111.06
757,89.25,90.89,111.01
756,89.83,91.39,111.03
755,90.19,91.9,111.13
754,90.01,91.68,111.06
753,89.53,91.1,111.05
752,89.47,91.03,111.15
751,89.59,91.07,111.12
750,89.89,91.49,111.17
749,90.15,91.54,111.12
748,90.29,91.5,111.16
747,90.14,91.3,111.21
746,89.97,91.07,111.18
745,89.59,90.72,111.16
744,89.19,90.2,111.24
743,89.04,89.72,111.2
742,89.86,90.52,111.26
741,89.89,90.63,111.31
740,89.57,90.09,111.3
739,89.98,90.19,111.38
738,90.18,90.11,111.26
737,89.6,89.21,111.26
736,88.8,87.94,111.41
735,88.87,87.67,111.36
734,88.95,87.36,111.37
733,88.75,86.85,111.44
732,88.72,86.73,111.44
731,88.9,86.96,111.46
730,87.92,86.04,111.56
729,87.27,85.56,111.44
728,87.33,85.9,111.4
727,86.67,85.4,110.96
726,86.23,85.27,110.17
725,86.13,85.25,110.6
724,86.23,85.41,111.08
723,85.47,84.99,111.24
722,85.31,84.93,111.43
721,85.36,85.11,111.41
720,85.45,85.27,111.46
719,85.72,85.73,111.51
718,85.31,85.45,111.52
717,86.03,86.25,111.62
716,86.74,86.92,111.63
715,86.6,86.87,111.59
714,87.27,87.61,111.59
713,87.78,88.34,111.72
712,88.12,88.62,111.65
711,88.15,88.7,111.66
710,87.99,88.69,111.69
709,88.17,88.92,111.69
708,89.06,89.81,111.74
707,89.34,89.94,111.74
706,89.02,89.58,111.82
705,89.73,90.37,111.83
704,89.91,90.45,111.97
703,89.61,90.04,111.68
702,90.06,90.3,112
701,90.17,90.55,112.02
700,89.46,89.86,111.82
699,90.76,90.99,112
698,91.14,91.26,111.86
697,90.39,90.69,111.93
696,91.21,91.87,112.01
695,91.02,91.65,112
694,90.38,91.07,111.95
693,90.86,91.66,112.04
692,91.26,92.18,112.01
691,90.23,91.63,112.1
690,91.28,92.48,111.94
689,92.41,93.47,112.02
688,91.48,92.53,112.14
687,91.66,93,111.98
686,91.45,92.95,112.17
685,91.39,92.61,112.25
684,91.97,93.02,112.22
683,91.41,92.76,112.11
682,90.96,92.58,112.17
681,91.55,93.1,112.24
680,92.28,93.54,112.17
679,91.71,92.97,112.11
678,92.16,93.77,112.26
677,91.84,93.57,112.19
676,91.93,93.44,112.35
675,92.43,93.55,112.38
674,91.88,93.33,112.21
673,91.66,93.21,112.37
672,91.71,93.36,112.32
671,92.22,93.69,112.19
670,91.69,92.82,112.32
669,91.97,93.33,112.16
668,92.52,94.53,110.84
667,91.72,93.26,111.92
666,92.2,93.5,112.43
665,92.05,93.47,112.36
664,91.68,93.34,112.17
663,90.87,92.49,112.52
662,91.85,93.31,112.4
661,92.47,93.95,112.32
660,92.2,93.74,112.51
659,92.2,93.86,112.4
658,92.19,93.61,112.31
657,92.04,93.53,112.45
656,92.8,94.33,112.42
655,92.41,93.82,112.41
654,91.87,93.48,112.71
653,92.19,93.82,112.39
652,92.71,94.16,112.23
651,92.49,93.98,112.48
650,92.5,94.02,112.5
649,92.91,94.67,112.64
648,92.38,94.08,112.33
647,92.52,94.17,112.58
646,92.32,93.98,112.59
645,92.59,94.14,112.47
644,92.25,93.78,112.54
643,91.96,93.57,112.49
642,92.37,94.18,112.43
641,92.47,93.85,112.55
640,93.08,94.58,112.48
639,92.12,93.62,112.4
638,92.74,94.58,112.31
637,92.39,94.1,112.71
636,93.1,94.6,112.3
635,92.1,93.78,112.72
634,92.26,94,112.63
633,93,94.94,112.43
632,92.27,93.93,112.58
631,93.13,94.2,113.15
630,92.91,94.59,112.72
629,92.93,94.73,112.14
628,92.35,94.21,112.62
627,93.27,94.77,112.64
626,93.62,94.83,113.11
625,92.23,93.78,112.72
624,92.33,94.26,112.68
623,92.8,94.77,112.96
622,94.39,95.71,113.15
621,93.66,94.92,112.44
620,92.77,94.52,112.93
619,91.57,93.5,112.96
618,93.25,95.09,113
617,92.75,94.05,112.89
616,94.08,95.49,112.7
615,92.32,94.37,113.05
614,92.99,94.77,113.27
613,93.42,94.91,112.94
612,92.97,94.24,113.17
611,93.32,94.88,112.98
610,93.31,95.03,113.08
609,92.81,94.61,113.13
608,93.47,94.84,112.97
607,92.91,94.23,113.03
606,93.6,95.31,113.13
605,94.94,96.65,112.86
604,93.45,95.29,113.02
603,93.98,95.41,113.25
602,94.12,95.56,113.19
601,93.46,94.89,113.16
600,93.31,95.11,113.12
599,93.64,95.15,113.64
598,92.68,93.89,113.35
597,100.77,102.17,113.06
596,93.84,95.35,113.08
595,93.85,95.35,113.24
594,93.45,95.25,113.48
593,94.07,95.77,113.29
592,93.14,94.6,113.26
591,93.15,94.76,113.29
590,93.84,95.42,113.45
589,93.51,95.25,113.56
588,93.46,95.01,113.29
587,93.84,95.27,113.27
586,93.94,95.18,113.48
585,94.11,95.66,113.3
584,92.63,94.18,113.36
583,93.12,94.82,113.34
582,93.84,95.33,113.25
581,94.19,95.64,113.53
580,93.65,95.33,113.52
579,93.73,95.23,113.46
578,93.96,95.27,113.37
577,94.25,95.55,113.39
576,93.67,94.97,113.55
575,93.54,95.18,113.41
574,93.8,95.43,113.55
573,93.98,95.51,113.47
572,94.2,95.49,113.68
571,93.55,94.84,113.54
570,93.63,95.29,113.69
569,94.05,95.59,113.56
568,93.92,95.17,113.72
567,94.01,95.2,113.76
566,94,95.41,113.65
565,93.79,95.47,113.75
564,93.54,94.88,113.49
563,94.07,95.29,113.73
562,94.33,95.66,113.7
561,94.31,95.74,113.69
560,93.91,95.4,113.65
559,94.24,95.39,113.71
558,94.51,95.56,113.68
557,93.98,94.9,113.74
556,93.53,95.02,113.51
555,93.81,95.33,113.7
554,94.09,95.25,113.65
553,94.44,95.51,113.43
552,94.22,95.53,113.54
551,93.78,95.19,113.49
550,93.86,95.2,113.67
549,94.38,95.44,113.6
548,94.39,95.38,113.5
547,94.17,95.42,113.51
546,94.04,95.23,113.63
545,93.92,95.28,113.44
544,94.37,95.5,113.76
543,94.04,95.4,113.77
542,94.34,95.49,113.62
541,94.45,95.77,113.47
540,94.04,95.45,113.87
539,94.34,95.66,113.83
538,94.11,95.2,113.58
537,94.11,95.41,113.39
536,94.19,95.46,113.38
535,94.2,95.46,113.71
534,94.42,95.69,113.39
533,94.67,95.54,113.52
532,94.35,95.45,113.7
531,93.94,95.19,113.56
530,93.96,95.11,113.34
529,94.09,95.22,113.66
528,94.36,95.58,113.9
527,94.43,95.43,113.58
526,94.39,95.26,113.07
525,94.11,95.47,113.75
524,94.01,95.49,113.76
523,94.43,95.5,113.63
522,94.3,95.59,113.22
521,94.38,95.57,113.48
520,94.1,95.56,113.35
519,94.37,95.88,113.45
518,94.28,95.36,113.56
517,94.33,95.31,113.5
516,94.5,95.57,113.78
515,94.34,95.66,113.46
514,94.29,95.21,113.95
513,94.78,95.8,113.49
512,94.22,95.2,113.34
511,94.07,95.6,113.46
510,94.04,95.21,113.54
509,94.51,95.65,113.44
508,94.91,95.92,113.54
507,94.98,95.81,113.62
506,94.14,95.49,113.5
505,94.38,95.81,113.78
504,94.67,95.91,113.76
503,94.57,95.41,113.14
502,94.55,95.85,113.86
501,94.52,96.07,113.28
500,94.47,95.93,113.57
499,94.53,95.49,113.68
498,94.84,95.54,113.45
497,95.06,96.14,113.96
496,94.82,96.1,113.7
495,94.6,95.72,113.44
494,95.13,96.23,113.33
493,94.79,95.41,114.03
492,94.96,95.9,113.35
491,94.4,95.97,113.23
490,95.09,95.89,113.4
489,94.55,95.31,113.76
488,94.66,95.78,113.62
487,94.89,96.28,113.36
486,94.63,95.86,113.38
485,95,95.76,113.49
484,94.98,95.91,113.39
483,94.76,95.75,113.29
482,95.09,96.35,113.32
481,95.25,96.28,113.83
480,94.93,95.98,114.14
479,95.16,95.91,113.61
478,95.16,95.93,113.15
477,95.44,96.25,113.95
476,95.52,96.09,113.4
475,95.14,95.81,113.17
474,95.57,96.74,113.68
473,95.23,96.45,113.12
472,95.76,97.12,112.93
471,94.76,95.76,113.59
470,95.14,96.3,113.57
469,95.36,96.27,113.1
468,96.19,96.65,113.66
467,95.24,96.38,113.28
466,95.1,96.13,113.23
465,95.09,96.07,113.7
464,95.95,95.96,114.06
463,96.4,96.82,113.86
462,94.98,95.64,112.93
461,95.18,96.51,113.21
460,95.88,96.31,113.61
459,95.73,96.31,113.49
458,95.6,95.51,112.48
457,95.61,96.77,113.69
456,95.48,96.13,113.41
455,95.76,96.85,113.58
454,95.19,96.54,113.48
453,96.83,96.48,113.46
452,95.77,96.17,113.62
451,95.63,96.84,113.97
450,95.43,96.58,113.15
449,96.24,96.34,113.12
448,95.91,96.32,113.79
447,95.63,97.21,114.28
446,95.46,96.67,113.93
445,95.33,95.77,113.31
444,95.83,96.37,113.62
443,96.64,96.87,113.61
442,95.49,96.27,114.14
441,94.8,95.84,113.52
440,96.17,96.59,113.78
439,96.21,96.4,113.51
438,96.63,97.14,113.4
437,95.53,96.1,113.49
436,95.53,96.57,113.68
435,96.72,97.51,114.39
434,96.2,96.45,113.53
433,96.05,96.22,113.6
432,96.34,96.41,113.53
431,96.47,97.63,113.57
430,95.96,96.78,113.58
429,97.63,97.24,113.67
428,95.65,97.06,113.88
427,95.81,96.69,113.35
426,97.31,97.64,114.3
425,96.92,98.1,112.64
424,97.09,97.36,113.11
423,97.88,97.16,114
422,95.81,97.2,113.82
421,95.66,97.32,112.92
420,94.89,96.38,112.66
419,98.66,99.23,113.96
418,94.75,96.88,115.06
417,96.36,96.01,112.97
416,96.38,96.17,114.02
415,95.37,95.31,114.19
414,98.2,97.84,114.2
413,98,99.44,111.62
412,97.73,97.4,113.57
411,95.49,96.5,114.03
410,96.37,97.18,113.95
409,98.27,98.84,114.62
408,97.08,97.25,113.14
407,95.73,97.46,112.76
406,96.08,95.87,114.35
405,97.67,99.03,114.21
404,100.12,99.17,113.32
403,99.29,97.05,112.34
402,96.63,95.58,111.61
401,93.1,96.32,112.44
400,96.48,99.87,113.86
